2017-02-27 01:25:01,0.0,0.0,0.0
2017-02-27 01:25:05,0.0,0.0,0.0
2017-02-27 01:25:05,0.0,0.0,0.4
2017-02-27 01:25:05,0.0,0.0,0.7
2017-02-27 01:25:05,0.0,0.0,1.1
2017-02-27 01:25:05,0.0,0.0,1.1
2017-02-27 01:25:05,0.0,0.0,1.1
2017-02-27 01:25:05,0.0,0.0,1.1
2017-02-27 01:25:05,0.0,0.0,1.1
2017-02-27 01:25:05,0.0,0.0,1.1
2017-02-27 01:25:06,0.0,0.0,1.1
2017-02-27 01:25:06,0.1,0.1,1.1
2017-02-27 01:25:06,0.1,0.1,1.1
2017-02-27 01:25:06,0.1,0.1,1.1
2017-02-27 01:25:06,0.1,0.1,1.1
2017-02-27 01:25:06,0.1,0.0,1.1
2017-02-27 01:25:06,0.0,0.0,1.1
2017-02-27 01:25:06,0.0,0.0,1.1
2017-02-27 01:25:06,0.0,0.0,1.1
2017-02-27 01:25:06,0.0,0.0,1.1
2017-02-27 01:25:07,0.0,0.0,1.1
2017-02-27 01:25:07,0.1,0.0,1.1
2017-02-27 01:25:07,0.1,0.0,1.1
2017-02-27 01:25:07,0.1,0.0,1.1
2017-02-27 01:25:07,0.1,0.0,1.1
2017-02-27 01:25:07,0.0,0.0,1.1
2017-02-27 01:25:07,0.0,0.0,1.1
2017-02-27 01:25:07,0.0,0.0,1.1
2017-02-27 01:25:07,0.0,0.0,1.1
2017-02-27 01:25:07,0.0,0.0,1.1
2017-02-27 01:25:08,0.0,0.1,1.1
2017-02-27 01:25:08,0.0,0.0,1.1
2017-02-27 01:25:08,0.0,0.0,1.1
2017-02-27 01:25:08,0.1,0.0,1.1
2017-02-27 01:25:08,0.1,0.0,1.1
2017-02-27 01:25:08,0.1,0.0,1.1
2017-02-27 01:25:08,0.1,-0.0,1.1
2017-02-27 01:25:08,0.1,0.0,1.1
2017-02-27 01:25:08,0.0,0.0,1.1
2017-02-27 01:25:08,0.0,0.0,1.1
2017-02-27 01:25:09,0.0,0.0,1.1
2017-02-27 01:25:09,0.0,0.0,1.1
2017-02-27 01:25:09,0.0,0.0,1.1
2017-02-27 01:25:09,0.0,0.0,1.1
2017-02-27 01:25:09,0.1,0.0,1.1
2017-02-27 01:25:09,0.1,0.0,1.1
2017-02-27 01:25:09,0.0,0.0,1.1
2017-02-27 01:25:09,0.0,0.0,1.1
2017-02-27 01:25:09,0.0,0.0,1.1
2017-02-27 01:25:09,0.0,0.0,1.1
2017-02-27 01:25:10,0.1,0.0,1.1
2017-02-27 01:25:10,0.1,0.0,1.1
2017-02-27 01:25:10,0.1,0.0,1.1
2017-02-27 01:25:10,0.1,0.0,1.1
2017-02-27 01:25:10,0.0,0.0,1.1
2017-02-27 01:25:10,0.0,0.0,1.1
2017-02-27 01:25:10,0.0,0.0,1.1
2017-02-27 01:25:10,0.0,0.0,1.1
2017-02-27 01:25:10,0.0,0.0,1.1
2017-02-27 01:25:10,0.0,0.0,1.1
2017-02-27 01:25:11,0.0,0.0,1.1
2017-02-27 01:25:11,0.0,0.0,1.1
2017-02-27 01:25:11,0.0,0.0,1.1
2017-02-27 01:25:11,0.0,0.0,1.1
2017-02-27 01:25:11,0.0,0.0,1.1
2017-02-27 01:25:11,0.0,0.0,1.1
2017-02-27 01:25:11,0.0,0.0,1.1
2017-02-27 01:25:11,0.0,0.0,1.1
2017-02-27 01:25:11,0.0,0.0,1.1
2017-02-27 01:25:11,0.1,0.0,1.1
2017-02-27 01:25:12,0.1,0.0,1.1
2017-02-27 01:25:12,0.1,0.0,1.1
2017-02-27 01:25:12,0.1,0.0,1.1
2017-02-27 01:25:12,0.0,0.0,1.1
2017-02-27 01:25:12,0.0,0.0,1.1
2017-02-27 01:25:12,0.0,0.0,1.1
2017-02-27 01:25:12,0.0,0.1,1.1
2017-02-27 01:25:12,0.0,0.1,1.1
2017-02-27 01:25:12,0.0,0.1,1.1
2017-02-27 01:25:12,0.0,0.0,1.1
2017-02-27 01:25:13,0.0,0.0,1.1
2017-02-27 01:25:13,0.0,0.0,1.1
2017-02-27 01:25:13,0.1,0.0,1.1
2017-02-27 01:25:13,0.1,0.0,1.1
2017-02-27 01:25:13,0.1,0.0,1.1
2017-02-27 01:25:13,0.0,0.0,1.1
2017-02-27 01:25:13,0.0,0.0,1.1
2017-02-27 01:25:13,0.0,0.0,1.1
2017-02-27 01:25:13,0.0,0.0,1.1
2017-02-27 01:25:13,0.1,0.0,1.1
2017-02-27 01:25:14,0.1,0.0,1.1
2017-02-27 01:25:14,0.0,0.0,1.1
2017-02-27 01:25:14,0.1,0.0,1.1
2017-02-27 01:25:14,0.0,0.1,1.1
2017-02-27 01:25:14,0.0,0.1,1.1
2017-02-27 01:25:14,0.0,0.1,1.1
2017-02-27 01:25:14,0.1,0.0,1.1
2017-02-27 01:25:14,0.1,0.0,1.1
2017-02-27 01:25:14,0.0,0.0,1.1
2017-02-27 01:25:14,0.0,0.0,1.1
2017-02-27 01:25:15,0.0,0.0,1.1
2017-02-27 01:25:15,0.0,0.0,1.1
2017-02-27 01:26:33,0.0,0.0,1.1
2017-02-27 01:26:33,0.0,0.0,1.2
2017-02-27 01:26:33,0.0,0.0,1.1
2017-02-27 01:26:33,0.0,0.0,1.1
2017-02-27 01:26:33,0.1,0.0,1.1
2017-02-27 01:26:33,-0.1,-0.1,1.1
2017-02-27 01:26:34,-0.0,-0.0,1.1
2017-02-27 01:26:34,-0.1,-0.1,1.1
2017-02-27 01:26:34,0.0,0.0,1.1
2017-02-27 01:26:34,0.0,0.0,1.1
2017-02-27 01:26:34,0.1,0.1,1.1
2017-02-27 01:26:34,0.1,0.0,1.1
2017-02-27 01:26:34,0.1,0.0,1.1
2017-02-27 01:26:34,0.1,0.0,1.1
2017-02-27 01:26:34,0.1,0.0,1.1
2017-02-27 01:26:34,0.1,0.0,1.1
2017-02-27 01:26:35,0.1,0.1,1.1
2017-02-27 01:26:35,0.0,0.0,1.1
2017-02-27 01:26:35,0.0,0.0,1.1
2017-02-27 01:26:35,0.0,0.0,1.1
2017-02-27 01:26:35,0.0,0.0,1.1
2017-02-27 01:26:35,0.0,0.0,1.1
2017-02-27 01:26:35,0.0,0.0,1.1
2017-02-27 01:26:35,0.1,0.0,1.1
2017-02-27 01:26:35,0.1,0.0,1.1
2017-02-27 01:26:35,0.1,0.0,1.1
2017-02-27 01:26:36,0.1,0.0,1.1
2017-02-27 01:26:36,0.0,0.1,1.1
2017-02-27 01:26:36,0.1,0.0,1.1
2017-02-27 01:26:36,0.1,0.1,1.1
2017-02-27 01:26:36,0.1,0.1,1.1
2017-02-27 01:26:36,0.1,0.1,1.1
2017-02-27 01:26:36,0.1,0.1,1.1
2017-02-27 01:26:36,0.1,0.0,1.1
2017-02-27 01:26:36,0.1,0.0,1.1
2017-02-27 01:26:36,0.1,0.0,1.1
2017-02-27 01:26:37,0.1,0.1,1.1
2017-02-27 01:26:37,0.1,0.1,1.1
2017-02-27 01:26:37,0.0,0.1,1.1
2017-02-27 01:26:37,0.1,0.1,1.1
2017-02-27 01:26:37,0.1,0.0,1.1
2017-02-27 01:26:37,0.1,0.0,1.1
2017-02-27 01:26:37,0.1,0.0,1.1
2017-02-27 01:26:37,0.1,0.0,1.1
2017-02-27 01:26:37,0.1,0.0,1.1
2017-02-27 01:26:37,0.0,0.0,1.1
2017-02-27 01:26:38,0.0,0.0,1.1
2017-02-27 01:26:38,0.0,0.0,1.1
2017-02-27 01:26:38,0.0,0.0,1.1
2017-02-27 01:26:38,0.0,0.1,1.1
2017-02-27 01:26:38,0.1,0.0,1.1
2017-02-27 01:26:38,0.1,0.0,1.1
2017-02-27 01:26:38,0.1,0.0,1.1
2017-02-27 01:26:38,0.1,0.0,1.1
2017-02-27 01:26:38,0.1,0.0,1.1
2017-02-27 01:26:38,0.1,0.0,1.1
2017-02-27 01:26:39,0.1,0.0,1.1
2017-02-27 01:26:39,0.1,0.1,1.1
2017-02-27 01:26:39,0.1,0.0,1.1
2017-02-27 01:26:39,0.1,0.0,1.1
2017-02-27 01:26:39,0.1,0.0,1.1
2017-02-27 01:26:39,0.1,0.1,1.1
2017-02-27 01:26:39,0.1,0.0,1.1
2017-02-27 01:26:39,0.1,0.0,1.1
2017-02-27 01:26:39,0.1,0.0,1.1
2017-02-27 01:26:39,0.1,0.0,1.1
2017-02-27 01:26:40,0.1,0.0,1.1
2017-02-27 01:26:40,0.1,0.0,1.1
2017-02-27 01:26:40,0.1,0.0,1.1
2017-02-27 01:26:40,0.1,0.0,1.1
2017-02-27 01:26:40,0.1,0.0,1.1
2017-02-27 01:26:40,0.1,0.0,1.1
2017-02-27 01:26:40,0.1,0.0,1.1
2017-02-27 01:26:40,0.1,0.0,1.1
2017-02-27 01:26:40,0.0,0.0,1.1
2017-02-27 01:26:40,0.1,0.0,1.1
2017-02-27 01:26:41,0.1,0.1,1.1
2017-02-27 01:26:41,0.1,0.0,1.1
2017-02-27 01:26:41,0.1,0.0,1.1
2017-02-27 01:26:41,0.1,0.0,1.1
2017-02-27 01:26:41,0.1,0.0,1.1
2017-02-27 01:26:41,0.1,0.0,1.1
2017-02-27 01:26:41,0.1,0.0,1.1
2017-02-27 01:26:41,0.1,0.0,1.1
2017-02-27 01:26:41,0.1,0.0,1.1
2017-02-27 01:26:41,0.1,0.0,1.1
2017-02-27 01:26:42,0.1,0.0,1.1
2017-02-27 01:26:42,0.1,0.0,1.1
2017-02-27 01:26:42,0.1,0.1,1.1
2017-02-27 01:26:42,0.1,0.1,1.1
2017-02-27 01:26:42,0.1,0.1,1.1
2017-02-27 01:26:42,0.1,0.1,1.1
2017-02-27 01:26:42,0.1,0.1,1.1
2017-02-27 01:26:42,0.1,0.1,1.1
2017-02-27 01:26:42,0.1,0.0,1.1
2017-02-27 01:26:42,0.1,0.0,1.1
2017-02-27 01:26:43,0.1,0.0,1.1
2017-02-27 01:26:43,0.1,0.0,1.1
2017-02-27 01:26:43,0.1,0.1,1.1
2017-02-27 01:26:43,0.1,0.1,1.1
2017-02-27 01:34:40,0.1,0.1,1.1
2017-02-27 01:34:40,0.1,0.1,1.1
2017-02-27 01:34:40,0.0,0.1,1.1
2017-02-27 01:34:40,0.1,0.1,1.1
2017-02-27 01:34:40,0.1,0.0,1.1
2017-02-27 01:34:40,0.1,0.0,1.1
2017-02-27 01:34:41,0.0,0.0,1.1
2017-02-27 01:34:41,0.1,0.0,1.1
2017-02-27 01:34:41,0.1,0.1,1.1
2017-02-27 01:34:41,0.1,0.0,1.1
2017-02-27 01:34:41,0.1,0.0,1.1
2017-02-27 01:34:41,0.1,0.1,1.1
2017-02-27 01:34:41,0.1,0.1,1.1
2017-02-27 01:34:41,0.1,0.1,1.1
2017-02-27 01:34:41,0.1,0.1,1.1
2017-02-27 01:34:41,0.1,0.0,1.1
2017-02-27 01:34:42,0.1,0.1,1.1
2017-02-27 01:34:42,0.1,0.1,1.1
2017-02-27 01:34:42,0.1,0.1,1.1
2017-02-27 01:34:42,0.1,0.1,1.1
2017-02-27 01:34:42,0.1,0.1,1.1
2017-02-27 01:34:42,0.1,0.1,1.1
2017-02-27 01:34:42,0.1,0.1,1.1
2017-02-27 01:34:42,0.1,0.1,1.1
2017-02-27 01:34:42,0.1,0.1,1.1
2017-02-27 01:34:42,0.1,0.1,1.1
2017-02-27 01:34:43,0.1,0.0,1.1
2017-02-27 01:34:43,0.1,0.0,1.1
2017-02-27 01:34:43,0.1,0.0,1.1
2017-02-27 01:34:43,0.1,0.1,1.1
2017-02-27 01:34:43,0.1,0.1,1.1
2017-02-27 01:34:43,0.1,0.1,1.1
2017-02-27 01:34:43,0.1,0.1,1.1
2017-02-27 01:34:43,0.1,0.1,1.1
2017-02-27 01:34:43,0.1,0.0,1.1
2017-02-27 01:34:43,0.1,0.0,1.1
2017-02-27 01:34:44,0.1,0.1,1.1
2017-02-27 01:34:44,0.1,0.1,1.1
2017-02-27 01:34:44,0.1,0.1,1.1
2017-02-27 01:34:44,0.1,0.0,1.1
2017-02-27 01:34:44,0.0,0.0,1.1
2017-02-27 01:34:44,0.1,0.0,1.1
2017-02-27 01:34:44,0.1,0.1,1.1
2017-02-27 01:34:44,0.1,0.1,1.1
2017-02-27 01:34:44,0.1,0.1,1.1
2017-02-27 01:34:44,0.1,0.1,1.1
2017-02-27 01:34:45,0.1,0.0,1.1
2017-02-27 01:34:45,0.1,0.0,1.1
2017-02-27 01:34:45,0.1,0.0,1.1
2017-02-27 01:34:45,0.1,0.1,1.1
2017-02-27 01:34:45,0.1,0.0,1.1
2017-02-27 01:34:45,0.1,0.1,1.1
2017-02-27 01:34:45,0.1,0.0,1.1
2017-02-27 01:34:45,0.1,0.1,1.1
2017-02-27 01:34:45,0.1,0.0,1.1
2017-02-27 01:34:45,0.1,0.1,1.1
2017-02-27 01:34:46,0.1,0.1,1.1
2017-02-27 01:34:46,0.1,0.1,1.1
2017-02-27 01:34:46,0.1,0.1,1.1
2017-02-27 01:34:46,0.1,0.1,1.1
2017-02-27 01:34:46,0.1,0.1,1.1
2017-02-27 01:34:46,0.1,0.1,1.1
2017-02-27 01:34:46,0.1,0.1,1.1
2017-02-27 01:34:46,0.1,0.1,1.1
2017-02-27 01:34:46,0.1,0.1,1.1
2017-02-27 01:34:46,0.1,0.1,1.1
2017-02-27 01:34:47,0.1,0.0,1.1
2017-02-27 01:34:47,0.1,0.0,1.1
2017-02-27 01:34:47,0.1,0.0,1.1
2017-02-27 01:34:47,0.1,0.1,1.1
2017-02-27 01:34:47,0.1,0.1,1.1
2017-02-27 01:34:47,0.1,0.1,1.1
2017-02-27 01:34:47,0.1,0.1,1.1
2017-02-27 01:34:47,0.1,0.1,1.1
2017-02-27 01:34:47,0.1,0.1,1.1
2017-02-27 01:34:47,0.1,0.1,1.1
2017-02-27 01:34:48,0.1,0.1,1.1
2017-02-27 01:34:48,0.1,0.1,1.1
2017-02-27 01:34:48,0.1,0.1,1.1
2017-02-27 01:34:48,0.1,0.1,1.1
2017-02-27 01:34:48,0.1,0.1,1.1
2017-02-27 01:34:48,0.1,0.1,1.1
2017-02-27 01:34:48,0.1,0.1,1.1
2017-02-27 01:34:48,0.1,0.1,1.1
2017-02-27 01:34:48,0.1,0.0,1.1
2017-02-27 01:34:48,0.1,0.0,1.1
2017-02-27 01:34:49,0.1,0.1,1.1
2017-02-27 01:34:49,0.1,0.1,1.1
2017-02-27 01:34:49,0.1,0.1,1.1
2017-02-27 01:34:49,0.1,0.1,1.1
2017-02-27 01:34:49,0.1,0.1,1.1
2017-02-27 01:34:49,0.1,0.1,1.1
2017-02-27 01:34:49,0.1,0.1,1.1
2017-02-27 01:34:49,0.1,0.1,1.1
2017-02-27 01:34:49,0.1,0.1,1.1
2017-02-27 01:34:49,0.1,0.1,1.1
2017-02-27 01:34:50,0.1,0.1,1.1
2017-02-27 01:34:50,0.1,0.1,1.1
2017-02-27 01:34:50,0.1,0.1,1.1
2017-02-27 01:34:50,0.1,0.0,1.1
2017-02-27 01:36:01,0.1,0.0,1.1
2017-02-27 01:36:01,0.1,0.0,1.1
2017-02-27 01:36:02,0.1,0.0,1.1
2017-02-27 01:36:02,0.1,0.0,1.0
2017-02-27 01:36:02,0.2,0.1,1.0
2017-02-27 01:36:02,0.1,0.1,1.0
2017-02-27 01:36:02,0.1,0.1,1.1
2017-02-27 01:36:02,0.2,0.1,0.9
2017-02-27 01:36:02,0.1,0.1,1.0
2017-02-27 01:36:02,0.2,0.0,1.1
2017-02-27 01:36:02,0.0,0.0,1.3
2017-02-27 01:36:02,0.1,0.0,1.2
2017-02-27 01:36:03,0.0,0.0,1.1
2017-02-27 01:36:03,0.0,0.0,1.1
2017-02-27 01:36:03,0.0,0.0,1.1
2017-02-27 01:36:03,0.0,0.0,1.1
2017-02-27 01:36:03,0.1,0.0,1.1
2017-02-27 01:36:03,0.1,0.0,1.1
2017-02-27 01:36:03,0.1,0.0,1.1
2017-02-27 01:36:03,0.1,0.0,1.1
2017-02-27 01:36:03,0.1,0.0,1.1
2017-02-27 01:36:03,0.1,0.0,1.1
2017-02-27 01:36:04,0.1,0.0,1.1
2017-02-27 01:36:04,0.1,0.1,1.1
2017-02-27 01:36:04,0.1,0.0,1.1
2017-02-27 01:36:04,0.1,0.0,1.1
2017-02-27 01:36:04,0.1,0.0,1.1
2017-02-27 01:36:04,0.1,0.0,1.1
2017-02-27 01:36:04,0.1,0.1,1.1
2017-02-27 01:36:04,0.1,0.0,1.1
2017-02-27 01:36:04,0.1,-0.0,1.1
2017-02-27 01:36:04,0.1,-0.1,1.1
2017-02-27 01:36:05,0.1,-0.0,1.1
2017-02-27 01:36:05,0.2,0.0,1.1
2017-02-27 01:36:05,0.1,0.0,1.1
2017-02-27 01:36:05,0.1,0.0,1.1
2017-02-27 01:36:05,0.1,0.0,1.1
2017-02-27 01:36:05,0.1,-0.0,1.1
2017-02-27 01:36:05,0.1,-0.0,1.1
2017-02-27 01:36:05,0.0,0.0,1.2
2017-02-27 01:36:05,0.0,0.0,1.2
2017-02-27 01:36:05,0.0,0.0,1.2
2017-02-27 01:36:06,0.1,0.1,1.1
2017-02-27 01:36:06,0.1,0.0,1.1
2017-02-27 01:36:06,0.1,-0.1,1.1
2017-02-27 01:36:06,0.1,-0.2,1.1
2017-02-27 01:36:06,0.1,-0.2,1.1
2017-02-27 01:36:06,0.1,-0.1,1.1
2017-02-27 01:36:06,0.1,-0.0,1.1
2017-02-27 01:36:06,0.1,0.1,1.1
2017-02-27 01:36:06,0.1,0.0,1.1
2017-02-27 01:36:06,0.2,0.1,1.1
2017-02-27 01:36:07,0.1,0.0,1.1
2017-02-27 01:36:07,0.1,0.0,1.0
2017-02-27 01:36:07,0.0,0.0,1.1
2017-02-27 01:36:07,0.1,-0.0,1.1
2017-02-27 01:36:07,0.1,0.0,1.1
2017-02-27 01:36:07,0.2,-0.0,1.1
2017-02-27 01:36:07,0.1,0.0,1.1
2017-02-27 01:36:07,0.1,0.0,1.0
2017-02-27 01:36:07,0.1,0.0,1.1
2017-02-27 01:36:07,0.1,0.0,1.1
2017-02-27 01:36:08,0.1,0.0,1.1
2017-02-27 01:36:08,0.1,0.0,1.1
2017-02-27 01:36:08,0.1,0.0,1.1
2017-02-27 01:36:08,0.1,0.0,1.1
2017-02-27 01:36:08,0.1,0.0,1.1
2017-02-27 01:36:08,0.1,0.0,1.1
2017-02-27 01:36:08,0.1,0.0,1.1
2017-02-27 01:36:08,0.1,0.0,1.1
2017-02-27 01:36:08,0.1,0.0,1.1
2017-02-27 01:36:08,0.1,0.0,1.1
2017-02-27 01:36:09,0.1,0.0,1.1
2017-02-27 01:36:09,0.1,0.0,1.1
2017-02-27 01:36:09,0.1,0.0,1.1
2017-02-27 01:36:09,0.1,0.0,1.1
2017-02-27 01:36:09,0.1,0.0,1.1
2017-02-27 01:36:09,0.1,0.0,1.1
2017-02-27 01:36:09,0.1,0.0,1.1
2017-02-27 01:36:09,0.1,0.0,1.1
2017-02-27 01:36:09,0.1,0.0,1.1
2017-02-27 01:36:09,0.1,0.0,1.1
2017-02-27 01:36:10,0.2,0.0,1.1
2017-02-27 01:36:10,0.1,0.0,1.1
2017-02-27 01:36:10,0.1,0.0,1.1
2017-02-27 01:36:10,0.1,0.0,1.1
2017-02-27 01:36:10,0.1,0.0,1.1
2017-02-27 01:36:10,0.1,0.0,1.1
2017-02-27 01:36:10,0.1,0.0,1.1
2017-02-27 01:36:10,0.1,0.0,1.1
2017-02-27 01:36:10,0.1,0.0,1.1
2017-02-27 01:36:10,0.1,0.0,1.1
2017-02-27 01:36:11,0.1,0.0,1.1
2017-02-27 01:36:11,0.1,0.0,1.1
2017-02-27 01:36:11,0.1,0.0,1.1
2017-02-27 01:36:11,0.1,0.0,1.1
2017-02-27 01:36:11,0.1,0.1,1.1
2017-02-27 01:36:11,0.1,0.1,1.1
2017-02-27 01:36:11,0.1,0.0,1.1
2017-02-27 01:36:11,0.1,0.0,1.1
2017-02-27 01:37:47,0.1,0.0,1.1
2017-02-27 01:37:47,0.1,-0.0,1.1
2017-02-27 01:37:47,0.0,-0.1,1.1
2017-02-27 01:37:47,0.1,-0.0,1.1
2017-02-27 01:37:47,0.1,0.0,1.1
2017-02-27 01:37:48,0.2,0.1,1.1
2017-02-27 01:37:48,0.1,-0.0,1.0
2017-02-27 01:37:48,0.1,0.0,1.0
2017-02-27 01:37:48,0.1,0.0,1.0
2017-02-27 01:37:48,0.1,0.1,1.1
2017-02-27 01:37:48,0.1,0.0,1.1
2017-02-27 01:37:48,0.1,0.0,1.1
2017-02-27 01:37:48,0.1,0.0,1.1
2017-02-27 01:37:48,0.1,0.0,1.1
2017-02-27 01:37:48,0.1,0.0,1.1
2017-02-27 01:37:49,0.1,0.0,1.1
2017-02-27 01:37:49,0.1,0.0,1.1
2017-02-27 01:37:49,0.1,0.0,1.1
2017-02-27 01:37:49,0.1,0.0,1.1
2017-02-27 01:37:49,0.1,0.0,1.1
2017-02-27 01:37:49,0.1,0.0,1.1
2017-02-27 01:37:49,0.1,0.0,1.1
2017-02-27 01:37:49,0.1,0.0,1.1
2017-02-27 01:37:49,0.1,0.1,1.1
2017-02-27 01:37:49,0.1,0.0,1.1
2017-02-27 01:37:50,0.1,0.0,1.1
2017-02-27 01:37:50,0.1,0.0,1.1
2017-02-27 01:37:50,0.1,0.0,1.1
2017-02-27 01:37:50,0.1,0.0,1.1
2017-02-27 01:37:50,0.1,0.0,1.1
2017-02-27 01:37:50,0.1,0.1,1.1
2017-02-27 01:37:50,0.1,0.0,1.1
2017-02-27 01:37:50,0.1,0.0,1.1
2017-02-27 01:37:50,0.1,0.0,1.1
2017-02-27 01:37:50,0.1,0.0,1.1
2017-02-27 01:37:51,0.1,0.1,1.1
2017-02-27 01:37:51,0.1,0.1,1.1
2017-02-27 01:37:51,0.1,0.1,1.1
2017-02-27 01:37:51,0.1,0.1,1.1
2017-02-27 01:37:51,0.1,0.0,1.1
2017-02-27 01:37:51,0.1,0.0,1.1
2017-02-27 01:37:51,0.1,0.1,1.1
2017-02-27 01:37:51,0.1,0.1,1.1
2017-02-27 01:37:51,0.1,0.1,1.1
2017-02-27 01:37:51,0.1,0.0,1.1
2017-02-27 01:37:52,0.1,0.0,1.1
2017-02-27 01:37:52,0.1,0.0,1.1
2017-02-27 01:37:52,0.1,0.0,1.1
2017-02-27 01:37:52,0.1,0.0,1.1
2017-02-27 01:37:52,0.1,0.0,1.1
2017-02-27 01:37:52,0.1,0.0,1.1
2017-02-27 01:37:52,0.1,0.1,1.1
2017-02-27 01:37:52,0.1,0.1,1.1
2017-02-27 01:37:52,0.1,0.1,1.1
2017-02-27 01:37:52,0.1,0.0,1.1
2017-02-27 01:37:53,0.1,0.0,1.1
2017-02-27 01:37:53,0.1,0.1,1.1
2017-02-27 01:37:53,0.1,0.1,1.1
2017-02-27 01:37:53,0.1,0.1,1.1
2017-02-27 01:37:53,0.1,0.0,1.1
2017-02-27 01:37:53,0.1,0.0,1.1
2017-02-27 01:37:53,0.1,0.0,1.1
2017-02-27 01:37:53,0.1,0.0,1.1
2017-02-27 01:37:53,0.1,0.0,1.1
2017-02-27 01:37:53,0.1,0.0,1.1
2017-02-27 01:37:54,0.1,0.0,1.1
2017-02-27 01:37:54,0.1,0.1,1.1
2017-02-27 01:37:54,0.1,0.0,1.1
2017-02-27 01:37:54,0.1,0.0,1.1
2017-02-27 01:37:54,0.1,0.0,1.1
2017-02-27 01:37:54,0.1,0.0,1.1
2017-02-27 01:37:54,0.1,0.0,1.1
2017-02-27 01:37:54,0.1,0.0,1.1
2017-02-27 01:37:54,0.1,0.0,1.1
2017-02-27 01:37:54,0.1,0.0,1.1
2017-02-27 01:37:55,0.1,0.0,1.1
2017-02-27 01:37:55,0.1,0.0,1.1
2017-02-27 01:37:55,0.1,0.0,1.1
2017-02-27 01:37:55,0.1,0.0,1.1
2017-02-27 01:37:55,0.1,0.0,1.1
2017-02-27 01:37:55,0.1,0.0,1.1
2017-02-27 01:37:55,0.1,0.0,1.1
2017-02-27 01:37:55,0.1,0.1,1.1
2017-02-27 01:37:55,0.1,0.0,1.1
2017-02-27 01:37:55,0.1,0.0,1.1
2017-02-27 01:37:56,0.1,0.0,1.1
2017-02-27 01:37:56,0.1,0.0,1.1
2017-02-27 01:37:56,0.1,0.0,1.1
2017-02-27 01:37:56,0.1,0.0,1.1
2017-02-27 01:37:56,0.1,0.0,1.1
2017-02-27 01:37:56,0.1,0.0,1.1
2017-02-27 01:37:56,0.1,0.0,1.1
2017-02-27 01:37:56,0.1,0.0,1.1
2017-02-27 01:37:56,0.1,0.0,1.1
2017-02-27 01:37:56,0.1,0.0,1.1
2017-02-27 01:37:57,0.1,0.1,1.1
2017-02-27 01:37:57,0.1,0.0,1.1
2017-02-27 01:37:57,0.1,0.0,1.1
2017-02-27 01:37:57,0.1,0.0,1.1
2017-02-27 01:37:57,0.1,0.0,1.1
2017-02-27 01:41:15,0.1,0.0,1.1
2017-02-27 01:41:15,0.2,0.1,1.1
2017-02-27 01:41:15,0.2,0.1,1.1
2017-02-27 01:41:15,0.2,0.1,1.0
2017-02-27 01:41:15,0.1,0.0,1.1
2017-02-27 01:41:15,0.1,0.1,1.1
2017-02-27 01:41:15,0.1,0.0,1.1
2017-02-27 01:41:15,0.1,0.0,1.1
2017-02-27 01:41:16,0.1,-0.0,1.1
2017-02-27 01:41:16,0.1,-0.0,1.1
2017-02-27 01:41:16,0.1,0.0,1.1
2017-02-27 01:41:16,0.1,0.0,1.1
2017-02-27 01:41:16,0.1,0.0,1.1
2017-02-27 01:41:16,0.1,0.0,1.1
2017-02-27 01:41:16,0.1,0.0,1.1
2017-02-27 01:41:16,0.1,0.1,1.1
2017-02-27 01:41:16,0.1,0.1,1.1
2017-02-27 01:41:16,0.1,0.1,1.1
2017-02-27 01:41:17,0.1,0.1,1.1
2017-02-27 01:41:17,0.1,0.0,1.1
2017-02-27 01:41:17,0.1,0.0,1.1
2017-02-27 01:41:17,0.1,0.0,1.1
2017-02-27 01:41:17,0.1,0.0,1.1
2017-02-27 01:41:17,0.1,0.0,1.1
2017-02-27 01:41:17,0.1,0.0,1.1
2017-02-27 01:41:17,0.1,0.0,1.1
2017-02-27 01:41:17,0.1,0.1,1.1
2017-02-27 01:41:17,0.1,0.1,1.0
2017-02-27 01:41:18,0.1,0.1,1.1
2017-02-27 01:41:18,0.1,0.0,1.1
2017-02-27 01:41:18,0.1,0.0,1.1
2017-02-27 01:41:18,0.1,0.1,1.1
2017-02-27 01:41:18,0.1,0.1,1.1
2017-02-27 01:41:18,0.1,0.1,1.1
2017-02-27 01:41:18,0.1,0.1,1.1
2017-02-27 01:41:18,0.1,0.1,1.1
2017-02-27 01:41:18,0.1,0.0,1.1
2017-02-27 01:41:18,0.1,-0.0,1.1
2017-02-27 01:41:19,0.1,-0.0,1.1
2017-02-27 01:41:19,0.1,0.0,1.1
2017-02-27 01:41:19,0.1,0.1,1.1
2017-02-27 01:41:19,0.1,0.1,1.1
2017-02-27 01:41:19,0.1,0.1,1.1
2017-02-27 01:41:19,0.1,0.1,1.1
2017-02-27 01:41:19,0.1,0.1,1.1
2017-02-27 01:41:19,0.1,0.1,1.1
2017-02-27 01:41:19,0.1,0.1,1.1
2017-02-27 01:41:19,0.1,0.1,1.1
2017-02-27 01:41:20,0.1,0.1,1.1
2017-02-27 01:41:20,0.1,0.1,1.1
2017-02-27 01:41:20,0.0,0.1,1.1
2017-02-27 01:41:20,0.1,0.1,1.1
2017-02-27 01:41:20,0.1,0.1,1.1
2017-02-27 01:41:20,0.1,0.1,1.1
2017-02-27 01:41:20,0.1,0.1,1.1
2017-02-27 01:41:20,0.1,0.1,1.1
2017-02-27 01:41:20,0.1,0.1,1.1
2017-02-27 01:41:20,0.1,0.1,1.1
2017-02-27 01:41:21,0.1,0.1,1.1
2017-02-27 01:41:21,0.1,0.1,1.1
2017-02-27 01:41:21,0.1,0.1,1.1
2017-02-27 01:41:21,0.1,0.1,1.1
2017-02-27 01:41:21,0.1,0.1,1.1
2017-02-27 01:41:21,0.1,0.1,1.1
2017-02-27 01:41:21,0.1,0.1,1.1
2017-02-27 01:41:21,0.1,0.1,1.1
2017-02-27 01:41:21,0.1,0.1,1.1
2017-02-27 01:41:21,0.1,0.1,1.1
2017-02-27 01:41:22,0.1,0.1,1.1
2017-02-27 01:41:22,0.1,0.1,1.1
2017-02-27 01:41:22,0.1,0.1,1.1
2017-02-27 01:41:22,0.1,0.1,1.1
2017-02-27 01:41:22,0.1,0.1,1.1
2017-02-27 01:41:22,0.1,0.1,1.1
2017-02-27 01:41:22,0.1,0.1,1.1
2017-02-27 01:41:22,0.1,0.1,1.1
2017-02-27 01:41:22,0.1,0.1,1.1
2017-02-27 01:41:22,0.1,0.1,1.1
2017-02-27 01:41:23,0.1,0.1,1.1
2017-02-27 01:41:23,0.1,0.1,1.1
2017-02-27 01:41:23,0.1,0.1,1.1
2017-02-27 01:41:23,0.1,0.1,1.1
2017-02-27 01:41:23,0.1,0.1,1.1
2017-02-27 01:41:23,0.1,0.1,1.1
2017-02-27 01:41:23,0.1,0.1,1.1
2017-02-27 01:41:23,0.1,0.1,1.1
2017-02-27 01:41:23,0.1,0.1,1.1
2017-02-27 01:41:23,0.1,0.1,1.1
2017-02-27 01:41:24,0.1,0.1,1.1
2017-02-27 01:41:24,0.1,0.1,1.1
2017-02-27 01:41:24,0.1,0.1,1.1
2017-02-27 01:41:24,0.1,0.1,1.1
2017-02-27 01:41:24,0.1,0.1,1.1
2017-02-27 01:41:24,0.1,0.1,1.1
2017-02-27 01:41:24,0.1,0.1,1.1
2017-02-27 01:41:24,0.1,0.1,1.1
2017-02-27 01:41:24,0.1,0.1,1.1
2017-02-27 01:41:24,0.1,0.1,1.1
2017-02-27 01:41:25,0.1,0.1,1.1
2017-02-27 01:41:25,0.1,0.1,1.1
2017-02-27 02:10:55,0.1,0.1,1.1
2017-02-27 02:10:55,0.1,0.1,1.1
2017-02-27 02:10:55,0.1,0.1,1.1
2017-02-27 02:10:55,0.1,0.1,1.0
2017-02-27 02:10:55,0.1,0.1,1.1
2017-02-27 02:10:55,0.1,0.1,1.1
2017-02-27 02:10:55,0.1,0.1,1.1
2017-02-27 02:10:55,0.1,0.1,1.1
2017-02-27 02:10:55,0.0,0.1,1.0
2017-02-27 02:10:56,0.0,0.1,1.1
2017-02-27 02:10:56,0.1,0.1,1.1
2017-02-27 02:10:56,0.1,0.1,1.1
2017-02-27 02:10:56,0.1,0.1,1.1
2017-02-27 02:10:56,0.0,0.1,1.1
2017-02-27 02:10:56,0.0,0.1,1.1
2017-02-27 02:10:56,0.1,0.1,1.1
2017-02-27 02:10:56,0.1,0.1,1.1
2017-02-27 02:10:56,0.1,0.1,1.1
2017-02-27 02:10:56,0.0,0.1,1.1
2017-02-27 02:10:57,0.0,0.1,1.1
2017-02-27 02:10:57,0.1,0.1,1.1
2017-02-27 02:10:57,0.1,0.1,1.1
2017-02-27 02:10:57,0.1,0.1,1.0
2017-02-27 02:10:57,0.1,0.1,1.0
2017-02-27 02:10:57,0.1,0.1,1.1
2017-02-27 02:10:57,0.1,0.1,1.1
2017-02-27 02:10:57,0.1,0.1,1.1
2017-02-27 02:10:57,0.1,0.1,1.1
2017-02-27 02:10:57,0.1,0.1,1.1
2017-02-27 02:10:58,0.1,0.1,1.1
2017-02-27 02:10:58,0.1,0.1,1.1
2017-02-27 02:10:58,0.1,0.1,1.1
2017-02-27 02:10:58,0.0,0.0,1.1
2017-02-27 02:10:58,0.1,0.0,1.0
2017-02-27 02:10:58,0.1,0.0,1.1
2017-02-27 02:10:58,0.2,0.2,1.1
2017-02-27 02:10:58,0.1,0.2,1.1
2017-02-27 02:10:58,0.1,0.2,1.1
2017-02-27 02:10:58,0.1,0.1,1.1
2017-02-27 02:10:59,0.1,0.1,1.0
2017-02-27 02:10:59,0.1,0.1,1.1
2017-02-27 02:10:59,0.1,0.1,1.1
2017-02-27 02:10:59,0.1,0.1,1.1
2017-02-27 02:10:59,0.1,0.1,1.1
2017-02-27 02:10:59,0.1,0.1,1.1
2017-02-27 02:10:59,0.1,0.1,1.1
2017-02-27 02:10:59,0.1,0.1,1.1
2017-02-27 02:10:59,0.1,0.1,1.1
2017-02-27 02:10:59,0.1,0.1,1.1
2017-02-27 02:11:00,0.1,0.1,1.1
2017-02-27 02:11:00,0.1,0.1,1.1
2017-02-27 02:11:00,0.1,0.1,1.1
2017-02-27 02:11:00,0.1,0.1,1.1
2017-02-27 02:11:00,0.1,0.1,1.1
2017-02-27 02:11:00,0.1,0.1,1.1
2017-02-27 02:11:00,0.1,0.1,1.1
2017-02-27 02:11:00,0.1,0.1,1.0
2017-02-27 02:11:00,0.1,0.1,1.1
2017-02-27 02:11:00,0.1,0.1,1.1
2017-02-27 02:11:01,0.1,0.1,1.1
2017-02-27 02:11:01,0.1,0.1,1.1
2017-02-27 02:11:01,0.1,0.1,1.1
2017-02-27 02:11:01,0.1,0.1,1.1
2017-02-27 02:11:01,0.1,0.1,1.1
2017-02-27 02:11:01,0.1,0.1,1.1
2017-02-27 02:11:01,0.1,0.1,1.1
2017-02-27 02:11:01,0.1,0.1,1.1
2017-02-27 02:11:01,0.1,0.1,1.1
2017-02-27 02:11:01,0.1,0.1,1.1
2017-02-27 02:11:02,0.1,0.1,1.1
2017-02-27 02:11:02,0.1,0.1,1.1
2017-02-27 02:11:02,0.1,0.1,1.1
2017-02-27 02:11:02,0.1,0.1,1.1
2017-02-27 02:11:02,0.1,0.1,1.1
2017-02-27 02:11:02,0.1,0.1,1.1
2017-02-27 02:11:02,0.1,0.1,1.1
2017-02-27 02:11:02,0.1,0.1,1.1
2017-02-27 02:11:02,0.1,0.1,1.0
2017-02-27 02:11:02,0.1,0.1,1.1
2017-02-27 02:11:03,0.1,0.1,1.1
2017-02-27 02:11:03,0.1,0.1,1.1
2017-02-27 02:11:03,0.1,0.1,1.1
2017-02-27 02:11:03,0.1,0.1,1.1
2017-02-27 02:11:03,0.1,0.1,1.1
2017-02-27 02:11:03,0.1,0.1,1.1
2017-02-27 02:11:03,0.1,0.1,1.1
2017-02-27 02:11:03,0.1,0.1,1.1
2017-02-27 02:11:03,0.1,0.1,1.1
2017-02-27 02:11:03,0.1,0.1,1.1
2017-02-27 02:11:04,0.1,0.1,1.1
2017-02-27 02:11:04,0.1,0.1,1.0
2017-02-27 02:11:04,0.1,0.1,1.0
2017-02-27 02:11:04,0.1,0.1,1.0
2017-02-27 02:11:04,0.1,0.1,1.1
2017-02-27 02:11:04,0.1,0.1,1.1
2017-02-27 02:11:04,0.1,0.1,1.1
2017-02-27 02:11:04,0.1,0.1,1.1
2017-02-27 02:11:04,0.1,0.1,1.1
2017-02-27 02:11:04,0.1,0.1,1.1
2017-02-27 02:11:05,0.1,0.1,1.1
2017-02-27 02:11:12,0.1,0.1,1.1
2017-02-27 02:11:12,0.1,0.1,1.1
2017-02-27 02:11:12,0.1,0.1,1.1
2017-02-27 02:11:12,0.1,0.1,1.1
2017-02-27 02:11:12,0.1,0.1,1.1
2017-02-27 02:11:12,0.0,0.1,1.1
2017-02-27 02:11:13,0.0,0.1,1.1
2017-02-27 02:11:13,0.1,0.1,1.1
2017-02-27 02:11:13,0.1,0.1,1.1
2017-02-27 02:11:13,0.1,0.1,1.1
2017-02-27 02:11:13,0.1,0.1,1.1
2017-02-27 02:11:13,0.1,0.1,1.1
2017-02-27 02:11:13,0.1,0.1,1.1
2017-02-27 02:11:13,0.1,0.1,1.1
2017-02-27 02:11:13,0.1,0.1,1.1
2017-02-27 02:11:13,0.1,0.1,1.1
2017-02-27 02:11:14,0.1,0.1,1.1
2017-02-27 02:11:14,0.1,0.1,1.1
2017-02-27 02:11:14,0.1,0.1,1.1
2017-02-27 02:11:14,0.1,0.1,1.0
2017-02-27 02:11:14,0.0,0.1,1.1
2017-02-27 02:11:14,0.1,0.1,1.1
2017-02-27 02:11:14,0.1,0.1,1.1
2017-02-27 02:11:14,0.1,0.1,1.1
2017-02-27 02:11:14,0.1,0.1,1.1
2017-02-27 02:11:14,0.1,0.1,1.1
2017-02-27 02:11:15,0.1,0.1,1.0
2017-02-27 02:11:15,0.1,0.1,1.0
2017-02-27 02:11:15,0.1,0.1,1.1
2017-02-27 02:11:15,0.1,0.1,1.1
2017-02-27 02:11:15,0.1,0.1,1.1
2017-02-27 02:11:15,0.1,0.1,1.1
2017-02-27 02:11:15,0.1,0.1,1.1
2017-02-27 02:11:15,0.1,0.1,1.1
2017-02-27 02:11:15,0.1,0.1,1.1
2017-02-27 02:11:15,0.1,0.1,1.1
2017-02-27 02:11:16,0.1,0.1,1.1
2017-02-27 02:11:16,0.1,0.1,1.1
2017-02-27 02:11:16,0.1,0.1,1.1
2017-02-27 02:11:16,0.1,0.1,1.1
2017-02-27 02:11:16,0.1,0.1,1.1
2017-02-27 02:11:16,0.1,0.1,1.1
2017-02-27 02:11:16,0.1,0.1,1.1
2017-02-27 02:11:16,0.1,0.1,1.1
2017-02-27 02:11:16,0.1,0.1,1.1
2017-02-27 02:11:16,0.1,0.1,1.1
2017-02-27 02:11:17,0.1,0.1,1.1
2017-02-27 02:11:17,0.1,0.1,1.1
2017-02-27 02:11:17,0.1,0.1,1.1
2017-02-27 02:11:17,0.1,0.1,1.1
2017-02-27 02:11:17,0.1,0.1,1.1
2017-02-27 02:11:17,0.1,0.1,1.1
2017-02-27 02:11:17,0.1,0.1,1.1
2017-02-27 02:11:17,0.1,0.1,1.1
2017-02-27 02:11:17,0.1,0.1,1.1
2017-02-27 02:11:17,0.1,0.1,1.1
2017-02-27 02:11:18,0.1,0.1,1.1
2017-02-27 02:11:18,0.1,0.1,1.1
2017-02-27 02:11:18,0.1,0.1,1.1
2017-02-27 02:11:18,0.1,0.1,1.1
2017-02-27 02:11:18,0.1,0.1,1.1
2017-02-27 02:11:18,0.1,0.1,1.1
2017-02-27 02:11:18,0.1,0.1,1.1
2017-02-27 02:11:18,0.1,0.1,1.1
2017-02-27 02:11:18,0.1,0.1,1.1
2017-02-27 02:11:18,0.1,0.1,1.1
2017-02-27 02:11:19,0.1,0.1,1.1
2017-02-27 02:11:19,0.1,0.1,1.1
2017-02-27 02:11:19,0.1,0.1,1.1
2017-02-27 02:11:19,0.0,0.1,1.1
2017-02-27 02:11:19,0.1,0.1,1.1
2017-02-27 02:11:19,0.1,0.1,1.1
2017-02-27 02:11:19,0.1,0.1,1.1
2017-02-27 02:11:19,0.1,0.1,1.1
2017-02-27 02:11:19,0.1,0.1,1.1
2017-02-27 02:11:19,0.1,0.1,1.1
2017-02-27 02:11:20,0.1,0.1,1.1
2017-02-27 02:11:20,0.1,0.1,1.1
2017-02-27 02:11:20,0.1,0.1,1.1
2017-02-27 02:11:20,0.1,0.1,1.1
2017-02-27 02:11:20,0.1,0.1,1.1
2017-02-27 02:11:20,0.1,0.1,1.1
2017-02-27 02:11:20,0.1,0.1,1.1
2017-02-27 02:11:20,0.1,0.1,1.1
2017-02-27 02:11:20,0.1,0.1,1.1
2017-02-27 02:11:20,0.1,0.1,1.1
2017-02-27 02:11:21,0.1,0.1,1.1
2017-02-27 02:11:21,0.1,0.1,1.1
2017-02-27 02:11:21,0.1,0.1,1.1
2017-02-27 02:11:21,0.1,0.1,1.1
2017-02-27 02:11:21,0.1,0.1,1.1
2017-02-27 02:11:21,0.1,0.1,1.1
2017-02-27 02:11:21,0.1,0.1,1.1
2017-02-27 02:11:21,0.1,0.1,1.1
2017-02-27 02:11:21,0.1,0.1,1.1
2017-02-27 02:11:21,0.1,0.1,1.1
2017-02-27 02:11:22,0.1,0.1,1.1
2017-02-27 02:11:22,0.1,0.1,1.1
2017-02-27 02:11:22,0.1,0.1,1.1
2017-02-27 02:11:22,0.1,0.1,1.1
2017-02-27 02:11:47,0.1,0.1,1.1
2017-02-27 02:11:47,0.1,0.1,1.1
2017-02-27 02:11:47,0.1,0.1,1.1
2017-02-27 02:11:47,0.1,0.1,1.1
2017-02-27 02:11:47,0.1,0.1,1.1
2017-02-27 02:11:47,0.1,0.1,1.1
2017-02-27 02:11:47,0.1,0.1,1.1
2017-02-27 02:11:47,0.1,0.1,1.1
2017-02-27 02:11:48,0.1,0.1,1.1
2017-02-27 02:11:48,0.1,0.1,1.1
2017-02-27 02:11:48,0.1,0.1,1.1
2017-02-27 02:11:48,0.1,0.1,1.1
2017-02-27 02:11:48,0.1,0.1,1.1
2017-02-27 02:11:48,0.1,0.1,1.1
2017-02-27 02:11:48,0.1,0.1,1.1
2017-02-27 02:11:48,0.1,0.1,1.0
2017-02-27 02:11:48,0.1,0.1,1.1
2017-02-27 02:11:48,0.1,0.1,1.1
2017-02-27 02:11:49,0.1,0.1,1.1
2017-02-27 02:11:49,0.1,0.1,1.0
2017-02-27 02:11:49,0.1,0.1,1.1
2017-02-27 02:11:49,0.1,0.1,1.1
2017-02-27 02:11:49,0.1,0.1,1.1
2017-02-27 02:11:49,0.1,0.1,1.1
2017-02-27 02:11:49,0.1,0.1,1.1
2017-02-27 02:11:49,0.1,0.1,1.1
2017-02-27 02:11:49,0.1,0.1,1.1
2017-02-27 02:11:49,0.1,0.1,1.1
2017-02-27 02:11:50,0.1,0.1,1.1
2017-02-27 02:11:50,0.1,0.1,1.1
2017-02-27 02:11:50,0.1,0.1,1.1
2017-02-27 02:11:50,0.1,0.1,1.1
2017-02-27 02:11:50,0.1,0.1,1.1
2017-02-27 02:11:50,0.1,0.1,1.1
2017-02-27 02:11:50,0.1,0.1,1.1
2017-02-27 02:11:50,0.1,0.1,1.1
2017-02-27 02:11:50,0.1,0.1,1.1
2017-02-27 02:11:50,0.1,0.1,1.1
2017-02-27 02:11:51,0.1,0.1,1.1
2017-02-27 02:11:51,0.1,0.1,1.1
2017-02-27 02:11:51,0.1,0.1,1.1
2017-02-27 02:11:51,0.1,0.1,1.1
2017-02-27 02:11:51,0.1,0.1,1.1
2017-02-27 02:11:51,0.1,0.1,1.1
2017-02-27 02:11:51,0.1,0.1,1.1
2017-02-27 02:11:51,0.1,0.1,1.1
2017-02-27 02:11:51,0.1,0.1,1.1
2017-02-27 02:11:51,0.1,0.1,1.1
2017-02-27 02:11:52,0.1,0.1,1.1
2017-02-27 02:11:52,0.1,0.1,1.1
2017-02-27 02:11:52,0.1,0.1,1.1
2017-02-27 02:11:52,0.1,0.1,1.1
2017-02-27 02:11:52,0.1,0.1,1.1
2017-02-27 02:11:52,0.1,0.1,1.1
2017-02-27 02:11:52,0.1,0.1,1.1
2017-02-27 02:11:52,0.1,0.1,1.1
2017-02-27 02:11:52,0.1,0.1,1.1
2017-02-27 02:11:52,0.1,0.1,1.1
2017-02-27 02:11:53,0.1,0.1,1.1
2017-02-27 02:11:53,0.1,0.1,1.1
2017-02-27 02:11:53,0.1,0.1,1.1
2017-02-27 02:11:53,0.1,0.1,1.1
2017-02-27 02:11:53,0.1,0.1,1.1
2017-02-27 02:11:53,0.1,0.1,1.1
2017-02-27 02:11:53,0.1,0.1,1.1
2017-02-27 02:11:53,0.1,0.1,1.1
2017-02-27 02:11:53,0.1,0.1,1.1
2017-02-27 02:11:53,0.1,0.1,1.1
2017-02-27 02:11:54,0.1,0.1,1.1
2017-02-27 02:11:54,0.1,0.1,1.1
2017-02-27 02:11:54,0.1,0.1,1.1
2017-02-27 02:11:54,0.1,0.1,1.1
2017-02-27 02:11:54,0.1,0.1,1.1
2017-02-27 02:11:54,0.1,0.1,1.1
2017-02-27 02:11:54,0.1,0.1,1.1
2017-02-27 02:11:54,0.1,0.1,1.1
2017-02-27 02:11:54,0.1,0.1,1.1
2017-02-27 02:11:54,0.1,0.1,1.1
2017-02-27 02:11:55,0.1,0.1,1.1
2017-02-27 02:11:55,0.1,0.1,1.1
2017-02-27 02:11:55,0.1,0.1,1.1
2017-02-27 02:11:55,0.1,0.1,1.1
2017-02-27 02:11:55,0.1,0.1,1.1
2017-02-27 02:11:55,0.1,0.1,1.1
2017-02-27 02:11:55,0.1,0.1,1.1
2017-02-27 02:11:55,0.1,0.1,1.1
2017-02-27 02:11:55,0.1,0.1,1.1
2017-02-27 02:11:55,0.1,0.1,1.1
2017-02-27 02:11:56,0.1,0.1,1.1
2017-02-27 02:11:56,0.1,0.1,1.1
2017-02-27 02:11:56,0.1,0.1,1.1
2017-02-27 02:11:56,0.1,0.1,1.1
2017-02-27 02:11:56,0.1,0.1,1.1
2017-02-27 02:11:56,0.1,0.1,1.1
2017-02-27 02:11:56,0.1,0.1,1.1
2017-02-27 02:11:56,0.1,0.1,1.1
2017-02-27 02:11:56,0.1,0.1,1.0
2017-02-27 02:11:56,0.1,0.1,1.1
2017-02-27 02:11:57,0.1,0.1,1.1
2017-02-27 02:11:57,0.1,0.1,1.1
2017-02-27 02:14:24,0.1,0.1,1.1
2017-02-27 02:14:24,0.1,0.1,1.0
2017-02-27 02:14:24,0.2,0.1,1.0
2017-02-27 02:14:24,0.2,0.1,1.0
2017-02-27 02:14:24,0.1,0.1,1.1
2017-02-27 02:14:25,0.1,0.1,1.1
2017-02-27 02:14:25,0.1,0.1,1.1
2017-02-27 02:14:25,0.1,0.1,1.1
2017-02-27 02:14:25,0.1,0.1,1.0
2017-02-27 02:14:25,0.1,0.1,1.0
2017-02-27 02:14:25,0.1,0.1,1.1
2017-02-27 02:14:25,0.1,0.1,1.1
2017-02-27 02:14:25,0.1,0.1,1.0
2017-02-27 02:14:25,0.1,0.1,1.0
2017-02-27 02:14:25,0.1,0.1,1.1
2017-02-27 02:14:26,0.1,0.1,1.1
2017-02-27 02:14:26,0.1,0.1,1.1
2017-02-27 02:14:26,0.1,0.1,1.1
2017-02-27 02:14:26,0.1,0.1,1.1
2017-02-27 02:14:26,0.1,0.1,1.1
2017-02-27 02:14:26,0.1,0.1,1.1
2017-02-27 02:14:26,0.1,0.1,1.1
2017-02-27 02:14:26,0.1,0.1,1.1
2017-02-27 02:14:26,0.1,0.1,1.1
2017-02-27 02:14:26,0.1,0.1,1.1
2017-02-27 02:14:27,0.1,0.1,1.1
2017-02-27 02:14:27,0.1,0.1,1.1
2017-02-27 02:14:27,0.1,0.1,1.1
2017-02-27 02:14:27,0.1,0.1,1.1
2017-02-27 02:14:27,0.1,0.1,1.1
2017-02-27 02:14:27,0.1,0.1,1.1
2017-02-27 02:14:27,0.1,0.1,1.1
2017-02-27 02:14:27,0.1,0.1,1.1
2017-02-27 02:14:27,0.1,0.1,1.1
2017-02-27 02:14:27,0.1,0.1,1.1
2017-02-27 02:14:28,0.1,0.1,1.1
2017-02-27 02:14:28,0.1,0.1,1.0
2017-02-27 02:14:28,0.1,0.1,1.0
2017-02-27 02:14:28,0.1,0.1,1.0
2017-02-27 02:14:28,0.1,0.1,1.1
2017-02-27 02:14:28,0.1,0.1,1.1
2017-02-27 02:14:28,0.1,0.1,1.1
2017-02-27 02:14:28,0.1,0.1,1.1
2017-02-27 02:14:28,0.1,0.0,1.0
2017-02-27 02:14:28,0.1,0.1,1.1
2017-02-27 02:14:29,0.1,0.1,1.1
2017-02-27 02:14:29,0.1,0.1,1.1
2017-02-27 02:14:29,0.1,0.1,1.1
2017-02-27 02:14:29,0.1,0.1,1.1
2017-02-27 02:14:29,0.1,0.1,1.1
2017-02-27 02:14:29,0.1,0.1,1.1
2017-02-27 02:14:29,0.1,0.1,1.1
2017-02-27 02:14:29,0.1,0.1,1.1
2017-02-27 02:14:29,0.1,0.1,1.1
2017-02-27 02:14:29,0.1,0.1,1.1
2017-02-27 02:14:30,0.1,0.1,1.1
2017-02-27 02:14:30,0.1,0.1,1.1
2017-02-27 02:14:30,0.1,0.1,1.1
2017-02-27 02:14:30,0.1,0.1,1.1
2017-02-27 02:14:30,0.1,0.1,1.1
2017-02-27 02:14:30,0.1,0.1,1.1
2017-02-27 02:14:30,0.1,0.1,1.1
2017-02-27 02:14:30,0.1,0.1,1.1
2017-02-27 02:14:30,0.1,0.1,1.1
2017-02-27 02:14:30,0.1,0.1,1.1
2017-02-27 02:14:31,0.1,0.1,1.1
2017-02-27 02:14:31,0.1,0.1,1.1
2017-02-27 02:14:31,0.1,0.1,1.1
2017-02-27 02:14:31,0.1,0.1,1.1
2017-02-27 02:14:31,0.1,0.1,1.1
2017-02-27 02:14:31,0.1,0.1,1.1
2017-02-27 02:14:31,0.1,0.1,1.1
2017-02-27 02:14:31,0.1,0.1,1.0
2017-02-27 02:14:31,0.1,0.1,1.1
2017-02-27 02:14:31,0.1,0.1,1.1
2017-02-27 02:14:32,0.1,0.1,1.1
2017-02-27 02:14:32,0.1,0.1,1.1
2017-02-27 02:14:32,0.1,0.1,1.1
2017-02-27 02:14:32,0.1,0.1,1.1
2017-02-27 02:14:32,0.1,0.1,1.1
2017-02-27 02:14:32,0.1,0.1,1.1
2017-02-27 02:14:32,0.1,0.1,1.1
2017-02-27 02:14:32,0.1,0.1,1.0
2017-02-27 02:14:32,0.1,0.1,1.1
2017-02-27 02:14:32,0.1,0.1,1.1
2017-02-27 02:14:33,0.1,0.1,1.1
2017-02-27 02:14:33,0.1,0.1,1.1
2017-02-27 02:14:33,0.1,0.1,1.1
2017-02-27 02:14:33,0.1,0.1,1.1
2017-02-27 02:14:33,0.1,0.1,1.1
2017-02-27 02:14:33,0.1,0.1,1.1
2017-02-27 02:14:33,0.1,0.1,1.1
2017-02-27 02:14:33,0.1,0.1,1.1
2017-02-27 02:14:33,0.1,0.1,1.1
2017-02-27 02:14:33,0.1,0.1,1.1
2017-02-27 02:14:34,0.1,0.1,1.1
2017-02-27 02:14:34,0.1,0.1,1.1
2017-02-27 02:14:34,0.1,0.1,1.1
2017-02-27 02:14:34,0.1,0.1,1.1
2017-02-27 02:14:34,0.1,0.1,1.1
2017-02-27 02:22:29,0.1,0.1,1.1
2017-02-27 02:22:29,0.1,0.1,1.1
2017-02-27 02:22:29,0.1,0.1,1.1
2017-02-27 02:22:29,0.1,0.1,1.1
2017-02-27 02:22:29,0.1,0.1,1.1
2017-02-27 02:22:29,0.1,0.1,1.1
2017-02-27 02:22:30,0.1,0.0,1.1
2017-02-27 02:22:30,0.1,0.0,1.1
2017-02-27 02:22:30,0.1,0.0,1.1
2017-02-27 02:22:30,0.1,0.1,1.1
2017-02-27 02:22:30,0.1,0.1,1.1
2017-02-27 02:22:30,0.1,0.1,1.1
2017-02-27 02:22:30,0.1,0.1,1.1
2017-02-27 02:22:30,0.1,0.1,1.1
2017-02-27 02:22:30,0.1,0.1,1.1
2017-02-27 02:22:30,0.1,0.1,1.1
2017-02-27 02:22:31,0.1,0.1,1.1
2017-02-27 02:22:31,0.1,0.1,1.1
2017-02-27 02:22:31,0.1,0.1,1.1
2017-02-27 02:22:31,0.1,0.1,1.1
2017-02-27 02:22:31,0.1,0.1,1.1
2017-02-27 02:22:31,0.1,0.1,1.1
2017-02-27 02:22:31,0.1,0.1,1.1
2017-02-27 02:22:31,0.1,0.1,1.1
2017-02-27 02:22:31,0.1,0.1,1.1
2017-02-27 02:22:31,0.1,0.1,1.1
2017-02-27 02:22:32,0.1,0.1,1.1
2017-02-27 02:22:32,0.1,0.1,1.1
2017-02-27 02:22:32,0.1,0.1,1.1
2017-02-27 02:22:32,0.1,0.1,1.1
2017-02-27 02:22:32,0.1,0.1,1.1
2017-02-27 02:22:32,0.1,0.1,1.1
2017-02-27 02:22:32,0.1,0.1,1.1
2017-02-27 02:22:32,0.1,0.1,1.1
2017-02-27 02:22:32,0.1,0.1,1.1
2017-02-27 02:22:32,0.1,0.1,1.1
2017-02-27 02:22:33,0.1,0.1,1.1
2017-02-27 02:22:33,0.1,0.1,1.1
2017-02-27 02:22:33,0.1,0.1,1.0
2017-02-27 02:22:33,0.1,0.1,1.0
2017-02-27 02:22:33,0.1,0.1,1.0
2017-02-27 02:22:33,0.1,0.1,1.0
2017-02-27 02:22:33,0.1,0.1,1.0
2017-02-27 02:22:33,0.1,0.1,1.1
2017-02-27 02:22:33,0.1,0.1,1.1
2017-02-27 02:22:33,0.1,0.1,1.1
2017-02-27 02:22:34,0.1,0.1,1.1
2017-02-27 02:22:34,0.1,0.1,1.1
2017-02-27 02:22:34,0.1,0.1,1.1
2017-02-27 02:22:34,0.1,0.1,1.1
2017-02-27 02:22:34,0.1,0.1,1.1
2017-02-27 02:22:34,0.1,0.1,1.1
2017-02-27 02:22:34,0.1,0.1,1.1
2017-02-27 02:22:34,0.1,0.1,1.1
2017-02-27 02:22:34,0.1,0.1,1.1
2017-02-27 02:22:34,0.1,0.1,1.1
2017-02-27 02:22:35,0.1,0.1,1.1
2017-02-27 02:22:35,0.1,0.1,1.1
2017-02-27 02:22:35,0.1,0.1,1.1
2017-02-27 02:22:35,0.1,0.1,1.1
2017-02-27 02:22:35,0.1,0.1,1.1
2017-02-27 02:22:35,0.1,0.1,1.1
2017-02-27 02:22:35,0.1,0.1,1.1
2017-02-27 02:22:35,0.1,0.1,1.1
2017-02-27 02:22:35,0.1,0.1,1.1
2017-02-27 02:22:35,0.1,0.1,1.1
2017-02-27 02:22:36,0.1,0.1,1.1
2017-02-27 02:22:36,0.1,0.1,1.1
2017-02-27 02:22:36,0.1,0.1,1.0
2017-02-27 02:22:36,0.1,0.1,1.1
2017-02-27 02:22:36,0.1,0.1,1.1
2017-02-27 02:22:36,0.1,0.1,1.1
2017-02-27 02:22:36,0.1,0.1,1.0
2017-02-27 02:22:36,0.1,0.1,1.0
2017-02-27 02:22:36,0.1,0.1,1.1
2017-02-27 02:22:36,0.1,0.1,1.1
2017-02-27 02:22:37,0.1,0.1,1.1
2017-02-27 02:22:37,0.1,0.1,1.1
2017-02-27 02:22:37,0.1,0.1,1.1
2017-02-27 02:22:37,0.1,0.1,1.1
2017-02-27 02:22:37,0.1,0.1,1.1
2017-02-27 02:22:37,0.1,0.1,1.1
2017-02-27 02:22:37,0.1,0.1,1.1
2017-02-27 02:22:37,0.1,0.1,1.1
2017-02-27 02:22:37,0.1,0.1,1.1
2017-02-27 02:22:37,0.1,0.1,1.1
2017-02-27 02:22:38,0.1,0.1,1.1
2017-02-27 02:22:38,0.1,0.1,1.0
2017-02-27 02:22:38,0.1,0.1,1.1
2017-02-27 02:22:38,0.1,0.1,1.0
2017-02-27 02:22:38,0.1,0.1,1.0
2017-02-27 02:22:38,0.1,0.1,1.1
2017-02-27 02:22:38,0.1,0.1,1.1
2017-02-27 02:22:38,0.1,0.1,1.1
2017-02-27 02:22:38,0.1,0.1,1.1
2017-02-27 02:22:38,0.1,0.1,1.1
2017-02-27 02:22:39,0.1,0.1,1.1
2017-02-27 02:22:39,0.1,0.1,1.1
2017-02-27 02:22:39,0.1,0.1,1.1
2017-02-27 02:22:39,0.1,0.1,1.1
2017-02-27 02:26:26,0.1,0.1,1.1
2017-02-27 02:26:26,0.1,0.1,1.0
2017-02-27 02:26:26,0.1,0.1,1.0
2017-02-27 02:26:26,0.1,0.1,1.0
2017-02-27 02:26:26,0.1,0.1,1.1
2017-02-27 02:26:26,0.1,0.1,1.1
2017-02-27 02:26:26,0.1,0.1,1.1
2017-02-27 02:26:26,0.1,0.1,1.1
2017-02-27 02:26:26,0.1,0.1,1.1
2017-02-27 02:26:26,0.1,0.1,1.1
2017-02-27 02:26:27,0.1,0.1,1.1
2017-02-27 02:26:27,0.1,0.1,1.1
2017-02-27 02:26:27,0.1,0.1,1.1
2017-02-27 02:26:27,0.1,0.1,1.1
2017-02-27 02:26:27,0.1,0.1,1.0
2017-02-27 02:26:27,0.1,0.1,1.1
2017-02-27 02:26:27,0.1,0.1,1.1
2017-02-27 02:26:27,0.1,0.1,1.1
2017-02-27 02:26:27,0.1,0.1,1.1
2017-02-27 02:26:27,0.1,0.1,1.1
2017-02-27 02:26:28,0.1,0.1,1.1
2017-02-27 02:26:28,0.1,0.1,1.1
2017-02-27 02:26:28,0.1,0.1,1.1
2017-02-27 02:26:28,0.1,0.1,1.1
2017-02-27 02:26:28,0.1,0.1,1.0
2017-02-27 02:26:28,0.1,0.1,1.0
2017-02-27 02:26:28,0.1,0.1,1.0
2017-02-27 02:26:28,0.1,0.1,1.1
2017-02-27 02:26:28,0.1,0.1,1.1
2017-02-27 02:26:28,0.1,0.1,1.1
2017-02-27 02:26:29,0.1,0.1,1.1
2017-02-27 02:26:29,0.1,0.1,1.1
2017-02-27 02:26:29,0.1,0.1,1.1
2017-02-27 02:26:29,0.1,0.1,1.1
2017-02-27 02:26:29,0.1,0.1,1.1
2017-02-27 02:26:29,0.1,0.1,1.1
2017-02-27 02:26:29,0.1,0.1,1.1
2017-02-27 02:26:29,0.1,0.1,1.1
2017-02-27 02:26:29,0.1,0.1,1.1
2017-02-27 02:26:29,0.1,0.1,1.1
2017-02-27 02:26:30,0.1,0.1,1.0
2017-02-27 02:26:30,0.1,0.1,1.0
2017-02-27 02:26:30,0.1,0.1,1.1
2017-02-27 02:26:30,0.1,0.1,1.0
2017-02-27 02:26:30,0.1,0.1,1.0
2017-02-27 02:26:30,0.1,0.1,1.0
2017-02-27 02:26:30,0.1,0.1,1.1
2017-02-27 02:26:30,0.1,0.1,1.0
2017-02-27 02:26:30,0.1,0.1,1.1
2017-02-27 02:26:30,0.1,0.1,1.1
2017-02-27 02:26:31,0.1,0.1,1.1
2017-02-27 02:26:31,0.1,0.1,1.1
2017-02-27 02:26:31,0.1,0.1,1.1
2017-02-27 02:26:31,0.1,0.1,1.1
2017-02-27 02:26:31,0.1,0.1,1.1
2017-02-27 02:26:31,0.1,0.1,1.1
2017-02-27 02:26:31,0.1,0.1,1.1
2017-02-27 02:26:31,0.1,0.1,1.1
2017-02-27 02:26:31,0.1,0.1,1.1
2017-02-27 02:26:31,0.1,0.1,1.1
2017-02-27 02:26:32,0.1,0.1,1.1
2017-02-27 02:26:32,0.1,0.1,1.1
2017-02-27 02:26:32,0.1,0.1,1.1
2017-02-27 02:26:32,0.1,0.1,1.0
2017-02-27 02:26:32,0.1,0.1,1.0
2017-02-27 02:26:32,0.1,0.1,1.1
2017-02-27 02:26:32,0.1,0.1,1.1
2017-02-27 02:26:32,0.1,0.1,1.1
2017-02-27 02:26:32,0.1,0.1,1.1
2017-02-27 02:26:32,0.1,0.1,1.1
2017-02-27 02:26:33,0.1,0.1,1.1
2017-02-27 02:26:33,0.1,0.1,1.1
2017-02-27 02:26:33,0.1,0.1,1.1
2017-02-27 02:26:33,0.1,0.1,1.1
2017-02-27 02:26:33,0.1,0.1,1.1
2017-02-27 02:26:33,0.1,0.1,1.1
2017-02-27 02:26:33,0.1,0.1,1.0
2017-02-27 02:26:33,0.1,0.1,1.1
2017-02-27 02:26:33,0.1,0.1,1.1
2017-02-27 02:26:33,0.1,0.1,1.1
2017-02-27 02:26:34,0.1,0.1,1.1
2017-02-27 02:26:34,0.1,0.1,1.1
2017-02-27 02:26:34,0.1,0.1,1.1
2017-02-27 02:26:34,0.1,0.1,1.1
2017-02-27 02:26:34,0.1,0.1,1.1
2017-02-27 02:26:34,0.1,0.1,1.1
2017-02-27 02:26:34,0.1,0.1,1.1
2017-02-27 02:26:34,0.1,0.1,1.1
2017-02-27 02:26:34,0.1,0.1,1.1
2017-02-27 02:26:34,0.1,0.1,1.1
2017-02-27 02:26:35,0.1,0.1,1.1
2017-02-27 02:26:35,0.1,0.1,1.1
2017-02-27 02:26:35,0.1,0.1,1.0
2017-02-27 02:26:35,0.1,0.1,1.1
2017-02-27 02:26:35,0.1,0.1,1.1
2017-02-27 02:26:35,0.1,0.1,1.1
2017-02-27 02:26:35,0.1,0.1,1.1
2017-02-27 02:26:35,0.1,0.1,1.1
2017-02-27 02:26:35,0.1,0.1,1.1
2017-02-27 02:26:35,0.1,0.1,1.1
2017-02-27 02:42:48,0.1,0.1,1.1
2017-02-27 02:42:48,0.1,0.1,1.1
2017-02-27 02:42:48,0.1,0.1,1.1
2017-02-27 02:42:48,0.1,0.1,1.1
2017-02-27 02:42:48,0.1,0.1,1.1
2017-02-27 02:42:48,0.1,0.1,1.1
2017-02-27 02:42:48,0.1,0.1,1.1
2017-02-27 02:42:48,0.1,0.1,1.0
2017-02-27 02:42:48,0.1,0.1,1.1
2017-02-27 02:42:49,0.1,0.1,1.1
2017-02-27 02:42:49,0.1,0.1,1.1
2017-02-27 02:42:49,0.1,0.1,1.1
2017-02-27 02:42:49,0.1,0.1,1.1
2017-02-27 02:42:49,0.1,0.1,1.1
2017-02-27 02:42:49,0.1,0.1,1.1
2017-02-27 02:42:49,0.1,0.1,1.1
2017-02-27 02:42:49,0.1,0.1,1.1
2017-02-27 02:42:49,0.1,0.1,1.0
2017-02-27 02:42:49,0.1,0.1,1.0
2017-02-27 02:42:50,0.1,0.1,1.1
2017-02-27 02:42:50,0.1,0.1,1.1
2017-02-27 02:42:50,0.1,0.1,1.1
2017-02-27 02:42:50,0.1,0.1,1.0
2017-02-27 02:42:50,0.1,0.1,1.1
2017-02-27 02:42:50,0.1,0.1,1.1
2017-02-27 02:42:50,0.1,0.1,1.1
2017-02-27 02:42:50,0.1,0.1,1.1
2017-02-27 02:42:50,0.1,0.1,1.1
2017-02-27 02:42:50,0.1,0.1,1.0
2017-02-27 02:42:51,0.1,0.1,1.0
2017-02-27 02:42:51,0.1,0.1,1.1
2017-02-27 02:42:51,0.1,0.1,1.1
2017-02-27 02:42:51,0.1,0.1,1.1
2017-02-27 02:42:51,0.1,0.1,1.1
2017-02-27 02:42:51,0.1,0.1,1.1
2017-02-27 02:42:51,0.1,0.1,1.1
2017-02-27 02:42:51,0.1,0.1,1.1
2017-02-27 02:42:51,0.1,0.1,1.1
2017-02-27 02:42:51,0.1,0.1,1.1
2017-02-27 02:42:52,0.1,0.1,1.1
2017-02-27 02:42:52,0.1,0.1,1.1
2017-02-27 02:42:52,0.1,0.1,1.1
2017-02-27 02:42:52,0.1,0.1,1.1
2017-02-27 02:42:52,0.1,0.1,1.1
2017-02-27 02:42:52,0.1,0.1,1.1
2017-02-27 02:42:52,0.1,0.1,1.1
2017-02-27 02:42:52,0.1,0.1,1.1
2017-02-27 02:42:52,0.1,0.1,1.1
2017-02-27 02:42:52,0.1,0.1,1.1
2017-02-27 02:42:53,0.1,0.1,1.1
2017-02-27 02:42:53,0.1,0.0,1.1
2017-02-27 02:42:53,0.1,0.1,1.1
2017-02-27 02:42:53,0.1,0.1,1.1
2017-02-27 02:42:53,0.1,0.1,1.1
2017-02-27 02:42:53,0.1,0.1,1.1
2017-02-27 02:42:53,0.1,0.1,1.1
2017-02-27 02:42:53,0.1,0.1,1.1
2017-02-27 02:42:53,0.1,0.1,1.1
2017-02-27 02:42:53,0.1,0.1,1.1
2017-02-27 02:42:54,0.1,0.1,1.1
2017-02-27 02:42:54,0.1,0.1,1.0
2017-02-27 02:42:54,0.1,0.1,1.1
2017-02-27 02:42:54,0.1,0.1,1.1
2017-02-27 02:42:54,0.1,0.1,1.1
2017-02-27 02:42:54,0.1,0.1,1.1
2017-02-27 02:42:54,0.1,0.1,1.1
2017-02-27 02:42:54,0.1,0.1,1.1
2017-02-27 02:42:54,0.1,0.1,1.1
2017-02-27 02:42:54,0.1,0.1,1.1
2017-02-27 02:42:55,0.1,0.1,1.1
2017-02-27 02:42:55,0.1,0.1,1.1
2017-02-27 02:42:55,0.1,0.1,1.1
2017-02-27 02:42:55,0.1,0.1,1.1
2017-02-27 02:42:55,0.1,0.1,1.1
2017-02-27 02:42:55,0.1,0.1,1.1
2017-02-27 02:42:55,0.1,0.1,1.1
2017-02-27 02:42:55,0.1,0.1,1.0
2017-02-27 02:42:55,0.1,0.1,1.1
2017-02-27 02:42:55,0.1,0.1,1.1
2017-02-27 02:42:56,0.1,0.1,1.1
2017-02-27 02:42:56,0.1,0.1,1.0
2017-02-27 02:42:56,0.1,0.1,1.0
2017-02-27 02:42:56,0.1,0.1,1.1
2017-02-27 02:42:56,0.1,0.1,1.1
2017-02-27 02:42:56,0.1,0.1,1.1
2017-02-27 02:42:56,0.1,0.1,1.1
2017-02-27 02:42:56,0.1,0.1,1.1
2017-02-27 02:42:56,0.1,0.1,1.1
2017-02-27 02:42:56,0.1,0.1,1.0
2017-02-27 02:42:57,0.1,0.1,1.0
2017-02-27 02:42:57,0.1,0.1,1.1
2017-02-27 02:42:57,0.1,0.1,1.1
2017-02-27 02:42:57,0.1,0.1,1.1
2017-02-27 02:42:57,0.1,0.1,1.1
2017-02-27 02:42:57,0.1,0.1,1.1
2017-02-27 02:42:57,0.1,0.1,1.1
2017-02-27 02:42:57,0.1,0.1,1.1
2017-02-27 02:42:57,0.1,0.1,1.1
2017-02-27 02:42:57,0.1,0.1,1.1
2017-02-27 02:42:58,0.1,0.1,1.1
2017-02-27 02:42:58,0.1,0.1,1.1
2017-02-27 02:42:58,0.1,0.1,1.1
2017-02-27 02:42:58,0.0,0.0,1.1
2017-02-27 02:42:59,0.1,0.0,1.1
2017-02-27 02:42:59,0.1,0.0,1.1
2017-02-27 02:42:59,0.1,0.1,1.1
2017-02-27 02:42:59,0.1,0.0,1.1
2017-02-27 02:42:59,0.1,0.1,1.1
2017-02-27 02:42:59,0.2,0.1,1.1
2017-02-27 02:42:59,0.2,0.2,1.1
2017-02-27 02:42:59,0.1,0.1,1.1
2017-02-27 02:42:59,0.1,0.1,1.1
2017-02-27 02:42:59,0.1,0.1,1.1
2017-02-27 02:43:00,0.2,0.1,1.1
2017-02-27 02:43:00,0.1,0.1,1.1
2017-02-27 02:43:00,0.1,0.1,1.1
2017-02-27 02:43:00,0.1,0.1,1.1
2017-02-27 02:43:00,0.1,0.1,1.1
2017-02-27 02:43:00,0.1,0.1,1.1
2017-02-27 02:43:00,0.1,0.1,1.1
2017-02-27 02:43:00,0.1,0.1,1.1
2017-02-27 02:43:00,0.1,0.1,1.1
2017-02-27 02:43:00,0.1,0.1,1.1
2017-02-27 02:43:01,0.1,0.1,1.1
2017-02-27 02:43:01,0.1,0.1,1.1
2017-02-27 02:43:01,0.1,0.1,1.1
2017-02-27 02:43:01,0.1,0.1,1.1
2017-02-27 02:43:01,0.1,0.1,1.1
2017-02-27 02:43:01,0.1,0.1,1.1
2017-02-27 02:43:01,0.1,0.1,1.1
2017-02-27 02:43:01,0.1,0.1,1.1
2017-02-27 02:43:01,0.1,0.1,1.1
2017-02-27 02:43:01,0.1,0.1,1.1
2017-02-27 02:43:02,0.1,0.1,1.1
2017-02-27 02:43:02,0.1,0.1,1.1
2017-02-27 02:43:02,0.1,0.0,1.1
2017-02-27 02:43:02,0.1,0.1,1.1
2017-02-27 02:43:02,0.1,0.1,1.1
2017-02-27 02:43:02,0.1,0.1,1.0
2017-02-27 02:43:02,0.1,0.1,1.0
2017-02-27 02:43:02,0.1,0.1,1.0
2017-02-27 02:43:02,0.1,0.1,1.1
2017-02-27 02:43:02,0.1,0.1,1.1
2017-02-27 02:43:03,0.1,0.1,1.1
2017-02-27 02:43:03,0.1,0.1,1.1
2017-02-27 02:43:03,0.1,0.1,1.1
2017-02-27 02:43:03,0.1,0.1,1.1
2017-02-27 02:43:03,0.1,0.0,1.1
2017-02-27 02:43:03,0.1,0.1,1.1
2017-02-27 02:43:03,0.1,0.1,1.1
2017-02-27 02:43:03,0.1,0.1,1.1
2017-02-27 02:43:03,0.1,0.1,1.1
2017-02-27 02:43:03,0.1,0.1,1.1
2017-02-27 02:43:04,0.1,0.1,1.1
2017-02-27 02:43:04,0.1,0.1,1.1
2017-02-27 02:43:04,0.1,0.1,1.1
2017-02-27 02:43:04,0.1,0.1,1.1
2017-02-27 02:43:04,0.1,0.1,1.1
2017-02-27 02:43:04,0.1,0.1,1.0
2017-02-27 02:43:04,0.1,0.1,1.1
2017-02-27 02:43:04,0.1,0.1,1.1
2017-02-27 02:43:04,0.2,0.1,1.1
2017-02-27 02:43:04,0.2,0.1,1.1
2017-02-27 02:43:04,0.1,0.1,1.1
2017-02-27 02:43:05,0.1,0.1,1.1
2017-02-27 02:43:05,0.1,0.1,1.1
2017-02-27 02:43:05,0.1,0.1,1.1
2017-02-27 02:43:05,0.1,0.1,1.1
2017-02-27 02:43:05,0.1,0.1,1.1
2017-02-27 02:43:05,0.1,0.1,1.1
2017-02-27 02:43:05,0.1,0.1,1.1
2017-02-27 02:43:05,0.1,0.1,1.1
2017-02-27 02:43:05,0.1,0.1,1.1
2017-02-27 02:43:06,0.1,0.1,1.1
2017-02-27 02:43:06,0.1,0.1,1.1
2017-02-27 02:43:06,0.1,0.1,1.1
2017-02-27 02:43:06,0.1,0.0,1.1
2017-02-27 02:43:06,0.1,0.1,1.0
2017-02-27 02:43:06,0.1,0.1,1.1
2017-02-27 02:43:06,0.1,0.1,1.1
2017-02-27 02:43:06,0.1,0.1,1.1
2017-02-27 02:43:06,0.1,0.1,1.1
2017-02-27 02:43:06,0.1,0.1,1.1
2017-02-27 02:43:07,0.1,0.1,1.1
2017-02-27 02:43:07,0.1,0.1,1.1
2017-02-27 02:43:07,0.1,0.1,1.1
2017-02-27 02:43:07,0.1,0.1,1.1
2017-02-27 02:43:07,0.1,0.1,1.1
2017-02-27 02:43:07,0.1,0.1,1.1
2017-02-27 02:43:07,0.1,0.1,1.1
2017-02-27 02:43:07,0.1,0.1,1.1
2017-02-27 02:43:07,0.1,0.1,1.1
2017-02-27 02:43:07,0.1,0.1,1.1
2017-02-27 02:43:08,0.1,0.1,1.1
2017-02-27 02:43:08,0.1,0.1,1.1
2017-02-27 02:43:08,0.1,0.1,1.0
2017-02-27 02:43:08,0.1,0.1,1.0
2017-02-27 02:43:08,0.1,0.1,1.0
2017-02-27 02:43:08,0.1,0.1,1.0
2017-02-27 02:43:08,0.1,0.1,1.1
2017-02-27 02:54:01,0.1,0.1,1.1
2017-02-27 02:54:01,0.1,0.1,1.1
2017-02-27 02:54:02,0.1,0.1,1.1
2017-02-27 02:54:02,0.1,0.1,1.1
2017-02-27 02:54:02,0.1,0.1,1.1
2017-02-27 02:54:02,0.1,0.1,1.1
2017-02-27 02:54:02,0.1,0.1,1.1
2017-02-27 02:54:02,0.1,0.0,1.1
2017-02-27 02:54:02,0.1,0.0,1.1
2017-02-27 02:54:02,0.1,0.1,1.1
2017-02-27 02:54:02,0.2,0.1,1.1
2017-02-27 02:54:03,0.1,0.1,1.1
2017-02-27 02:54:03,0.1,0.1,1.1
2017-02-27 02:54:03,0.1,0.1,1.1
2017-02-27 02:54:03,0.1,0.1,1.1
2017-02-27 02:54:03,0.1,0.1,1.1
2017-02-27 02:54:03,0.1,0.1,1.1
2017-02-27 02:54:03,0.2,0.1,1.1
2017-02-27 02:54:03,0.1,0.1,1.1
2017-02-27 02:54:03,0.1,0.1,1.1
2017-02-27 02:54:03,0.1,0.1,1.1
2017-02-27 02:54:04,0.1,0.1,1.1
2017-02-27 02:54:04,0.1,0.1,1.1
2017-02-27 02:54:04,0.1,0.1,1.0
2017-02-27 02:54:04,0.1,0.1,1.1
2017-02-27 02:54:04,0.1,0.1,1.1
2017-02-27 02:54:04,0.1,0.1,1.1
2017-02-27 02:54:04,0.1,0.1,1.1
2017-02-27 02:54:04,0.2,0.0,1.1
2017-02-27 02:54:04,0.2,0.0,1.1
2017-02-27 02:54:04,0.2,0.0,1.1
2017-02-27 02:54:04,0.1,0.1,1.1
2017-02-27 02:54:05,0.1,0.1,1.1
2017-02-27 02:54:05,0.1,0.1,1.1
2017-02-27 02:54:05,0.2,0.1,1.1
2017-02-27 02:54:05,0.2,0.1,1.1
2017-02-27 02:54:05,0.2,0.1,1.0
2017-02-27 02:54:05,0.1,0.1,1.1
2017-02-27 02:54:05,0.1,0.1,1.0
2017-02-27 02:54:05,0.1,0.1,1.1
2017-02-27 02:54:05,0.1,0.1,1.1
2017-02-27 02:54:06,0.1,0.0,1.1
2017-02-27 02:54:06,0.1,0.1,1.1
2017-02-27 02:54:06,0.1,0.1,1.1
2017-02-27 02:54:06,0.1,0.1,1.1
2017-02-27 02:54:06,0.1,0.1,1.1
2017-02-27 02:54:06,0.1,0.1,1.1
2017-02-27 02:54:06,0.1,0.1,1.1
2017-02-27 02:54:06,0.1,0.0,1.1
2017-02-27 02:54:06,0.1,0.1,1.1
2017-02-27 02:54:06,0.1,0.1,1.1
2017-02-27 02:54:06,0.1,0.1,1.1
2017-02-27 02:54:07,0.1,0.1,1.1
2017-02-27 02:54:07,0.1,0.1,1.1
2017-02-27 02:54:07,0.1,0.1,1.0
2017-02-27 02:54:07,0.1,0.1,1.0
2017-02-27 02:54:07,0.1,0.0,1.1
2017-02-27 02:54:07,0.1,0.0,1.1
2017-02-27 02:54:07,0.1,0.0,1.1
2017-02-27 02:54:07,0.1,0.1,1.0
2017-02-27 02:54:07,0.1,0.1,1.0
2017-02-27 02:54:07,0.1,0.1,1.1
2017-02-27 02:54:08,0.1,0.1,1.1
2017-02-27 02:54:08,0.1,0.1,1.1
2017-02-27 02:54:08,0.1,0.1,1.1
2017-02-27 02:54:08,0.1,0.1,1.1
2017-02-27 02:54:08,0.1,0.1,1.1
2017-02-27 02:54:08,0.1,0.1,1.1
2017-02-27 02:54:08,0.1,0.1,1.1
2017-02-27 02:54:08,0.1,0.1,1.1
2017-02-27 02:54:08,0.1,0.1,1.0
2017-02-27 02:54:08,0.1,0.1,1.1
2017-02-27 02:54:09,0.1,0.1,1.1
2017-02-27 02:54:09,0.1,0.1,1.1
2017-02-27 02:54:09,0.1,0.1,1.1
2017-02-27 02:54:09,0.1,0.1,1.1
2017-02-27 02:54:09,0.1,0.1,1.1
2017-02-27 02:54:09,0.1,0.1,1.1
2017-02-27 02:54:09,0.1,0.1,1.1
2017-02-27 02:54:09,0.1,0.1,1.1
2017-02-27 02:54:09,0.1,0.1,1.1
2017-02-27 02:54:10,0.1,0.1,1.1
2017-02-27 02:54:10,0.1,0.1,1.1
2017-02-27 02:54:10,0.1,0.1,1.1
2017-02-27 02:54:10,0.1,0.1,1.1
2017-02-27 02:54:10,0.1,0.1,1.1
2017-02-27 02:54:10,0.1,0.1,1.0
2017-02-27 02:54:10,0.1,0.1,1.0
2017-02-27 02:54:10,0.1,0.1,1.0
2017-02-27 02:54:10,0.1,0.1,1.0
2017-02-27 02:54:10,0.1,0.1,1.0
2017-02-27 02:54:10,0.1,0.1,1.1
2017-02-27 02:54:11,0.1,0.1,1.1
2017-02-27 02:54:11,0.1,0.1,1.1
2017-02-27 02:54:11,0.1,0.1,1.1
2017-02-27 02:54:11,0.1,0.1,1.1
2017-02-27 02:54:11,0.1,0.1,1.1
2017-02-27 02:54:11,0.1,0.1,1.0
2017-02-27 02:54:11,0.1,0.1,1.1
2017-02-27 02:54:11,0.1,0.1,1.1
2017-02-27 04:44:08,0.1,0.1,1.1
2017-02-27 04:44:08,0.1,0.1,1.1
2017-02-27 04:44:08,0.1,0.1,1.1
2017-02-27 04:44:08,0.1,0.0,1.1
2017-02-27 04:44:08,0.1,0.1,1.1
2017-02-27 04:44:08,0.1,0.1,1.1
2017-02-27 04:44:08,0.2,0.1,1.1
2017-02-27 04:44:08,0.1,0.1,1.1
2017-02-27 04:44:08,0.1,0.1,1.1
2017-02-27 04:44:08,0.1,0.1,1.1
2017-02-27 04:44:09,0.1,0.1,1.0
2017-02-27 04:44:09,0.1,0.1,1.0
2017-02-27 04:44:09,0.1,0.1,1.1
2017-02-27 04:44:09,0.1,0.1,1.1
2017-02-27 04:44:09,0.1,0.1,1.1
2017-02-27 04:44:09,0.1,0.1,1.1
2017-02-27 04:44:09,0.1,0.1,1.0
2017-02-27 04:44:09,0.1,0.1,1.1
2017-02-27 04:44:09,0.1,0.1,1.1
2017-02-27 04:44:09,0.1,0.1,1.1
2017-02-27 04:44:10,0.1,0.1,1.0
2017-02-27 04:44:10,0.1,0.1,1.1
2017-02-27 04:44:10,0.1,0.1,1.1
2017-02-27 04:44:10,0.1,0.1,1.1
2017-02-27 04:44:10,0.1,0.1,1.1
2017-02-27 04:44:10,0.1,0.1,1.1
2017-02-27 04:44:10,0.1,0.1,1.1
2017-02-27 04:44:10,0.1,0.1,1.1
2017-02-27 04:44:10,0.1,0.1,1.1
2017-02-27 04:44:10,0.1,0.1,1.1
2017-02-27 04:44:11,0.1,0.1,1.1
2017-02-27 04:44:11,0.1,0.1,1.1
2017-02-27 04:44:11,0.1,0.1,1.1
2017-02-27 04:44:11,0.1,0.1,1.1
2017-02-27 04:44:11,0.1,0.1,1.1
2017-02-27 04:44:11,0.1,0.1,1.1
2017-02-27 04:44:11,0.1,0.1,1.1
2017-02-27 04:44:11,0.1,0.1,1.1
2017-02-27 04:44:11,0.1,0.1,1.1
2017-02-27 04:44:11,0.1,0.1,1.1
2017-02-27 04:44:12,0.1,0.1,1.1
2017-02-27 04:44:12,0.1,0.1,1.1
2017-02-27 04:44:12,0.1,0.1,1.1
2017-02-27 04:44:12,0.1,0.1,1.1
2017-02-27 04:44:12,0.1,0.1,1.1
2017-02-27 04:44:12,0.1,0.1,1.1
2017-02-27 04:44:12,0.1,0.0,1.1
2017-02-27 04:44:12,0.1,0.0,1.1
2017-02-27 04:44:12,0.1,0.1,1.1
2017-02-27 04:44:12,0.1,0.1,1.1
2017-02-27 04:44:13,0.1,0.1,1.1
2017-02-27 04:44:13,0.1,0.1,1.0
2017-02-27 04:44:13,0.1,0.1,1.0
2017-02-27 04:44:13,0.1,0.1,1.1
2017-02-27 04:44:13,0.1,0.1,1.1
2017-02-27 04:44:13,0.1,0.1,1.1
2017-02-27 04:44:13,0.1,0.1,1.1
2017-02-27 04:44:13,0.1,0.1,1.1
2017-02-27 04:44:13,0.1,0.1,1.1
2017-02-27 04:44:13,0.1,0.1,1.1
2017-02-27 04:44:14,0.1,0.1,1.1
2017-02-27 04:44:14,0.1,0.1,1.1
2017-02-27 04:44:14,0.1,0.1,1.1
2017-02-27 04:44:14,0.1,0.1,1.1
2017-02-27 04:44:14,0.1,0.1,1.1
2017-02-27 04:44:14,0.1,0.1,1.1
2017-02-27 04:44:14,0.1,0.1,1.1
2017-02-27 04:44:14,0.1,0.1,1.0
2017-02-27 04:44:14,0.1,0.1,1.1
2017-02-27 04:44:14,0.1,0.1,1.0
2017-02-27 04:44:15,0.1,0.1,1.0
2017-02-27 04:44:15,0.1,0.1,1.0
2017-02-27 04:44:15,0.1,0.1,1.0
2017-02-27 04:44:15,0.1,0.1,1.0
2017-02-27 04:44:15,0.1,0.1,1.1
2017-02-27 04:44:15,0.1,0.1,1.1
2017-02-27 04:44:15,0.1,0.1,1.1
2017-02-27 04:44:15,0.1,0.1,1.1
2017-02-27 04:44:15,0.1,0.1,1.1
2017-02-27 04:44:15,0.1,0.1,1.1
2017-02-27 04:44:16,0.1,0.1,1.1
2017-02-27 04:44:16,0.1,0.1,1.1
2017-02-27 04:44:16,0.1,0.1,1.1
2017-02-27 04:44:16,0.1,0.1,1.0
2017-02-27 04:44:16,0.1,0.1,1.0
2017-02-27 04:44:16,0.1,0.1,1.1
2017-02-27 04:44:16,0.1,0.1,1.1
2017-02-27 04:44:16,0.1,0.1,1.1
2017-02-27 04:44:16,0.1,0.1,1.0
2017-02-27 04:44:16,0.1,0.1,1.0
2017-02-27 04:44:17,0.1,0.1,1.1
2017-02-27 04:44:17,0.1,0.1,1.1
2017-02-27 04:44:17,0.1,0.1,1.1
2017-02-27 04:44:17,0.1,0.1,1.1
2017-02-27 04:44:17,0.1,0.1,1.1
2017-02-27 04:44:17,0.1,0.1,1.0
2017-02-27 04:44:17,0.1,0.1,1.0
2017-02-27 04:44:17,0.1,0.1,1.0
2017-02-27 04:44:17,0.1,0.1,1.1
2017-02-27 04:44:17,0.1,0.1,1.1
2017-02-27 04:46:40,0.1,0.1,1.1
2017-02-27 04:46:40,0.1,0.1,1.1
2017-02-27 04:46:41,0.1,0.1,1.1
2017-02-27 04:46:41,0.1,0.1,1.1
2017-02-27 04:46:41,0.1,0.1,1.1
2017-02-27 04:46:41,0.1,0.1,1.1
2017-02-27 04:46:41,0.1,0.1,1.1
2017-02-27 04:46:41,0.1,0.1,1.1
2017-02-27 04:46:41,0.0,0.1,1.1
2017-02-27 04:46:41,0.0,0.1,1.1
2017-02-27 04:46:41,0.1,0.1,1.1
2017-02-27 04:46:41,0.1,0.1,1.1
2017-02-27 04:46:42,0.1,0.1,1.1
2017-02-27 04:46:42,0.1,0.1,1.1
2017-02-27 04:46:42,0.1,0.1,1.1
2017-02-27 04:46:42,0.1,0.1,1.1
2017-02-27 04:46:42,0.1,0.1,1.0
2017-02-27 04:46:42,0.1,0.1,1.0
2017-02-27 04:46:42,0.1,0.1,1.1
2017-02-27 04:46:42,0.1,0.1,1.1
2017-02-27 04:46:42,0.1,0.1,1.1
2017-02-27 04:46:42,0.0,0.1,1.1
2017-02-27 04:46:43,0.1,0.1,1.1
2017-02-27 04:46:43,0.1,0.1,1.1
2017-02-27 04:46:43,0.1,0.1,1.0
2017-02-27 04:46:43,0.1,0.1,1.0
2017-02-27 04:46:43,0.1,0.1,1.1
2017-02-27 04:46:43,0.1,0.1,1.1
2017-02-27 04:46:43,0.1,0.1,1.1
2017-02-27 04:46:43,0.0,0.1,1.1
2017-02-27 04:46:43,0.1,0.1,1.1
2017-02-27 04:46:43,0.1,0.0,1.1
2017-02-27 04:46:44,0.1,0.1,1.1
2017-02-27 04:46:44,0.1,0.1,1.0
2017-02-27 04:46:44,0.1,0.1,1.0
2017-02-27 04:46:44,0.1,0.1,1.0
2017-02-27 04:46:44,0.1,0.1,1.0
2017-02-27 04:46:44,0.1,0.1,1.1
2017-02-27 04:46:44,0.1,0.1,1.1
2017-02-27 04:46:44,0.1,0.1,1.1
2017-02-27 04:46:44,0.1,0.1,1.1
2017-02-27 04:46:44,0.1,0.1,1.1
2017-02-27 04:46:45,0.1,0.1,1.1
2017-02-27 04:46:45,0.1,0.1,1.1
2017-02-27 04:46:45,0.1,0.1,1.1
2017-02-27 04:46:45,0.1,0.1,1.1
2017-02-27 04:46:45,0.1,0.1,1.1
2017-02-27 04:46:45,0.1,0.1,1.1
2017-02-27 04:46:45,0.1,0.1,1.1
2017-02-27 04:46:45,0.1,0.1,1.0
2017-02-27 04:46:45,0.1,0.1,1.0
2017-02-27 04:46:45,0.1,0.1,1.0
2017-02-27 04:46:46,0.1,0.1,1.1
2017-02-27 04:46:46,0.1,0.1,1.1
2017-02-27 04:46:46,0.1,0.1,1.1
2017-02-27 04:46:46,0.1,0.1,1.1
2017-02-27 04:46:46,0.1,0.1,1.1
2017-02-27 04:46:46,0.1,0.1,1.1
2017-02-27 04:46:46,0.1,0.1,1.1
2017-02-27 04:46:46,0.1,0.1,1.1
2017-02-27 04:46:46,0.1,0.1,1.1
2017-02-27 04:46:46,0.1,0.1,1.1
2017-02-27 04:46:47,0.1,0.1,1.1
2017-02-27 04:46:47,0.1,0.1,1.1
2017-02-27 04:46:47,0.1,0.1,1.1
2017-02-27 04:46:47,0.0,0.1,1.1
2017-02-27 04:46:47,0.1,0.1,1.1
2017-02-27 04:46:47,0.0,0.1,1.1
2017-02-27 04:46:47,0.1,0.1,1.1
2017-02-27 04:46:47,0.1,0.1,1.1
2017-02-27 04:46:47,0.1,0.1,1.1
2017-02-27 04:46:47,0.1,0.1,1.1
2017-02-27 04:46:48,0.1,0.1,1.1
2017-02-27 04:46:48,0.1,0.1,1.1
2017-02-27 04:46:48,0.1,0.1,1.0
2017-02-27 04:46:48,0.1,0.1,1.1
2017-02-27 04:46:48,0.1,0.1,1.1
2017-02-27 04:46:48,0.1,0.1,1.1
2017-02-27 04:46:48,0.1,0.1,1.1
2017-02-27 04:46:48,0.1,0.1,1.1
2017-02-27 04:46:48,0.1,0.1,1.1
2017-02-27 04:46:48,0.1,0.1,1.1
2017-02-27 04:46:49,0.1,0.1,1.1
2017-02-27 04:46:49,0.1,0.1,1.0
2017-02-27 04:46:49,0.1,0.1,1.1
2017-02-27 04:46:49,0.1,0.1,1.1
2017-02-27 04:46:49,0.1,0.1,1.1
2017-02-27 04:46:49,0.1,0.1,1.1
2017-02-27 04:46:49,0.1,0.1,1.1
2017-02-27 04:46:49,0.1,0.1,1.1
2017-02-27 04:46:49,0.1,0.1,1.1
2017-02-27 04:46:49,0.1,0.1,1.1
2017-02-27 04:46:50,0.1,0.1,1.1
2017-02-27 04:46:50,0.1,0.1,1.1
2017-02-27 04:46:50,0.1,0.1,1.1
2017-02-27 04:46:50,0.1,0.1,1.1
2017-02-27 04:46:50,0.1,0.1,1.1
2017-02-27 04:46:50,0.1,0.1,1.1
2017-02-27 04:46:50,0.1,0.1,1.1
2017-02-27 04:46:50,0.1,0.1,1.1
2017-02-27 04:57:35,0.1,0.1,1.1
2017-02-27 04:57:35,0.1,0.1,1.1
2017-02-27 04:57:35,0.1,0.1,1.1
2017-02-27 04:57:35,0.1,0.1,1.1
2017-02-27 04:57:36,0.1,0.1,1.1
2017-02-27 04:57:36,0.1,0.1,1.1
2017-02-27 04:57:36,0.1,0.1,1.1
2017-02-27 04:57:36,0.1,0.1,1.1
2017-02-27 04:57:36,0.1,0.1,1.1
2017-02-27 04:57:36,0.1,0.1,1.1
2017-02-27 04:57:36,0.1,0.1,1.0
2017-02-27 04:57:36,0.1,0.1,1.0
2017-02-27 04:57:36,0.1,0.1,1.0
2017-02-27 04:57:36,0.1,0.0,1.0
2017-02-27 04:57:37,0.1,0.0,1.0
2017-02-27 04:57:37,0.1,0.1,1.1
2017-02-27 04:57:37,0.1,0.1,1.1
2017-02-27 04:57:37,0.1,0.0,1.1
2017-02-27 04:57:37,0.1,0.0,1.1
2017-02-27 04:57:37,0.1,0.0,1.1
2017-02-27 04:57:37,0.2,0.0,1.1
2017-02-27 04:57:37,0.1,0.0,1.1
2017-02-27 04:57:37,0.1,0.1,1.1
2017-02-27 04:57:37,0.1,0.1,1.1
2017-02-27 04:57:38,0.1,0.1,1.1
2017-02-27 04:57:38,0.1,0.1,1.1
2017-02-27 04:57:38,0.1,0.1,1.1
2017-02-27 04:57:38,0.1,0.1,1.0
2017-02-27 04:57:38,0.1,0.1,1.0
2017-02-27 04:57:38,0.1,0.1,1.1
2017-02-27 04:57:38,0.1,0.1,1.1
2017-02-27 04:57:38,0.1,0.1,1.1
2017-02-27 04:57:38,0.1,0.1,1.1
2017-02-27 04:57:38,0.1,0.1,1.1
2017-02-27 04:57:39,0.1,0.1,1.1
2017-02-27 04:57:39,0.2,0.1,1.1
2017-02-27 04:57:39,0.2,0.1,1.1
2017-02-27 04:57:39,0.1,0.1,1.1
2017-02-27 04:57:39,0.1,0.1,1.1
2017-02-27 04:57:39,0.1,0.1,1.1
2017-02-27 04:57:39,0.1,0.1,1.1
2017-02-27 04:57:39,0.1,0.1,1.1
2017-02-27 04:57:39,0.1,0.1,1.0
2017-02-27 04:57:39,0.1,0.1,1.0
2017-02-27 04:57:40,0.1,0.1,1.1
2017-02-27 04:57:40,0.1,0.1,1.1
2017-02-27 04:57:40,0.2,0.1,1.1
2017-02-27 04:57:40,0.1,0.1,1.1
2017-02-27 04:57:40,0.1,0.1,1.1
2017-02-27 04:57:40,0.1,0.1,1.0
2017-02-27 04:57:40,0.1,0.1,1.0
2017-02-27 04:57:40,0.1,0.1,1.1
2017-02-27 04:57:40,0.1,0.1,1.1
2017-02-27 04:57:40,0.1,0.1,1.1
2017-02-27 04:57:41,0.1,0.1,1.1
2017-02-27 04:57:41,0.1,0.1,1.1
2017-02-27 04:57:41,0.1,0.1,1.1
2017-02-27 04:57:41,0.1,0.1,1.1
2017-02-27 04:57:41,0.2,0.1,1.1
2017-02-27 04:57:41,0.1,0.1,1.1
2017-02-27 04:57:41,0.1,0.1,1.1
2017-02-27 04:57:41,0.1,0.1,1.1
2017-02-27 04:57:41,0.1,0.1,1.1
2017-02-27 04:57:41,0.1,0.1,1.1
2017-02-27 04:57:42,0.1,0.1,1.1
2017-02-27 04:57:42,0.1,0.1,1.1
2017-02-27 04:57:42,0.1,0.1,1.1
2017-02-27 04:57:42,0.1,0.1,1.1
2017-02-27 04:57:42,0.1,0.1,1.1
2017-02-27 04:57:42,0.1,0.1,1.1
2017-02-27 04:57:42,0.1,0.1,1.1
2017-02-27 04:57:42,0.1,0.1,1.0
2017-02-27 04:57:42,0.1,0.1,1.0
2017-02-27 04:57:42,0.1,0.1,1.0
2017-02-27 04:57:43,0.1,0.1,1.1
2017-02-27 04:57:43,0.1,0.1,1.1
2017-02-27 04:57:43,0.1,0.1,1.1
2017-02-27 04:57:43,0.1,0.1,1.1
2017-02-27 04:57:43,0.1,0.1,1.1
2017-02-27 04:57:43,0.1,0.1,1.1
2017-02-27 04:57:43,0.1,0.1,1.1
2017-02-27 04:57:43,0.1,0.1,1.1
2017-02-27 04:57:43,0.1,0.1,1.0
2017-02-27 04:57:43,0.1,0.1,1.0
2017-02-27 04:57:44,0.1,0.1,1.0
2017-02-27 04:57:44,0.1,0.1,1.0
2017-02-27 04:57:44,0.1,0.1,1.1
2017-02-27 04:57:44,0.1,0.1,1.1
2017-02-27 04:57:44,0.1,0.1,1.1
2017-02-27 04:57:44,0.1,0.1,1.1
2017-02-27 04:57:44,0.1,0.1,1.1
2017-02-27 04:57:44,0.1,0.1,1.1
2017-02-27 04:57:44,0.1,0.1,1.1
2017-02-27 04:57:44,0.1,0.1,1.1
2017-02-27 04:57:45,0.1,0.1,1.1
2017-02-27 04:57:45,0.1,0.1,1.0
2017-02-27 04:57:45,0.1,0.1,1.1
2017-02-27 04:57:45,0.1,0.1,1.1
2017-02-27 04:57:45,0.1,0.1,1.1
2017-02-27 04:57:45,0.1,0.1,1.1
2017-02-27 05:06:19,0.1,0.1,1.0
2017-02-27 05:06:19,0.1,0.1,1.1
2017-02-27 05:06:19,0.1,0.0,1.1
2017-02-27 05:06:19,0.1,0.0,1.1
2017-02-27 05:06:19,0.1,0.0,1.1
2017-02-27 05:06:19,0.1,0.0,1.1
2017-02-27 05:06:20,0.1,0.0,1.1
2017-02-27 05:06:20,0.1,0.0,1.1
2017-02-27 05:06:20,0.1,0.0,1.1
2017-02-27 05:06:20,0.1,0.0,1.1
2017-02-27 05:06:20,0.1,0.0,1.1
2017-02-27 05:06:20,0.0,0.0,1.1
2017-02-27 05:06:20,-0.0,0.0,1.1
2017-02-27 05:06:20,-0.0,0.0,1.0
2017-02-27 05:06:20,-0.0,0.0,1.0
2017-02-27 05:06:20,-0.0,0.1,1.1
2017-02-27 05:06:21,-0.0,0.1,1.1
2017-02-27 05:06:21,-0.0,0.0,1.1
2017-02-27 05:06:21,-0.0,0.1,1.1
2017-02-27 05:06:21,-0.0,0.1,1.1
2017-02-27 05:06:21,0.0,0.1,1.1
2017-02-27 05:06:21,-0.0,0.1,1.1
2017-02-27 05:06:21,-0.0,0.1,1.1
2017-02-27 05:06:21,-0.0,0.1,1.1
2017-02-27 05:06:21,-0.0,0.1,1.1
2017-02-27 05:06:21,-0.0,0.1,1.1
2017-02-27 05:06:22,-0.0,0.1,1.1
2017-02-27 05:06:22,-0.0,0.1,1.1
2017-02-27 05:06:22,-0.0,0.1,1.1
2017-02-27 05:06:22,-0.0,0.1,1.1
2017-02-27 05:06:22,-0.0,0.1,1.1
2017-02-27 05:06:22,-0.0,0.1,1.1
2017-02-27 05:06:22,-0.0,0.1,1.1
2017-02-27 05:06:22,-0.0,0.1,1.1
2017-02-27 05:06:22,-0.0,0.1,1.1
2017-02-27 05:06:22,-0.0,0.1,1.1
2017-02-27 05:06:23,-0.1,0.1,1.1
2017-02-27 05:06:23,-0.1,0.1,1.1
2017-02-27 05:06:23,-0.0,0.1,1.1
2017-02-27 05:06:23,-0.0,0.1,1.1
2017-02-27 05:06:23,-0.0,0.1,1.0
2017-02-27 05:06:23,-0.0,0.1,1.0
2017-02-27 05:06:23,0.0,0.1,1.0
2017-02-27 05:06:23,-0.0,0.1,1.1
2017-02-27 05:06:23,-0.0,0.1,1.1
2017-02-27 05:06:23,-0.0,0.1,1.1
2017-02-27 05:06:24,-0.0,0.1,1.1
2017-02-27 05:06:24,-0.0,0.1,1.1
2017-02-27 05:06:24,-0.0,0.1,1.1
2017-02-27 05:06:24,-0.0,0.1,1.1
2017-02-27 05:06:24,-0.0,0.1,1.1
2017-02-27 05:06:24,-0.0,0.1,1.1
2017-02-27 05:06:24,0.0,0.1,1.1
2017-02-27 05:06:24,0.0,0.1,1.1
2017-02-27 05:06:24,0.0,0.1,1.1
2017-02-27 05:06:24,-0.0,0.1,1.1
2017-02-27 05:06:25,-0.0,0.1,1.1
2017-02-27 05:06:25,-0.0,0.1,1.1
2017-02-27 05:06:25,-0.0,0.1,1.1
2017-02-27 05:06:25,-0.0,0.1,1.0
2017-02-27 05:06:25,-0.0,0.1,1.1
2017-02-27 05:06:25,-0.0,0.1,1.1
2017-02-27 05:06:25,-0.0,0.1,1.1
2017-02-27 05:06:25,0.0,0.1,1.1
2017-02-27 05:06:25,0.0,0.1,1.1
2017-02-27 05:06:25,-0.0,0.1,1.1
2017-02-27 05:06:26,-0.0,0.1,1.1
2017-02-27 05:06:26,-0.0,0.1,1.1
2017-02-27 05:06:26,-0.0,0.1,1.1
2017-02-27 05:06:26,-0.0,0.1,1.1
2017-02-27 05:06:26,-0.0,0.1,1.1
2017-02-27 05:06:26,-0.0,0.1,1.1
2017-02-27 05:06:26,-0.0,0.1,1.1
2017-02-27 05:06:26,-0.0,0.1,1.1
2017-02-27 05:06:26,-0.0,0.1,1.1
2017-02-27 05:06:26,-0.0,0.1,1.1
2017-02-27 05:06:27,-0.0,0.1,1.1
2017-02-27 05:06:27,-0.0,0.1,1.1
2017-02-27 05:06:27,-0.0,0.0,1.1
2017-02-27 05:06:27,-0.0,0.0,1.1
2017-02-27 05:06:27,-0.0,0.1,1.1
2017-02-27 05:06:27,-0.0,0.1,1.1
2017-02-27 05:06:27,-0.0,0.1,1.1
2017-02-27 05:06:27,-0.0,0.1,1.1
2017-02-27 05:06:27,-0.0,0.1,1.1
2017-02-27 05:06:27,0.0,0.1,1.1
2017-02-27 05:06:28,-0.0,0.1,1.1
2017-02-27 05:06:28,-0.0,0.1,1.1
2017-02-27 05:06:28,-0.0,0.1,1.1
2017-02-27 05:06:28,-0.0,0.1,1.1
2017-02-27 05:06:28,-0.0,0.1,1.1
2017-02-27 05:06:28,-0.0,0.1,1.1
2017-02-27 05:06:28,-0.0,0.1,1.1
2017-02-27 05:06:28,-0.0,0.1,1.1
2017-02-27 05:06:28,-0.0,0.1,1.1
2017-02-27 05:06:28,-0.0,0.1,1.1
2017-02-27 05:06:29,-0.0,0.1,1.1
2017-02-27 05:06:29,-0.0,0.1,1.1
2017-02-27 05:06:29,-0.0,0.1,1.1
2017-02-27 05:06:29,-0.0,0.1,1.1
2017-02-27 05:16:25,0.0,0.1,1.0
2017-02-27 05:16:25,0.0,0.1,1.0
2017-02-27 05:16:25,0.0,0.0,1.1
2017-02-27 05:16:25,0.0,0.0,1.1
2017-02-27 05:16:25,0.0,0.1,1.1
2017-02-27 05:16:25,0.0,0.1,1.1
2017-02-27 05:16:25,0.0,0.1,1.1
2017-02-27 05:16:25,0.0,0.1,1.1
2017-02-27 05:16:25,0.1,0.1,1.1
2017-02-27 05:16:26,0.1,0.1,1.1
2017-02-27 05:16:26,0.1,0.1,1.1
2017-02-27 05:16:26,0.1,0.1,1.1
2017-02-27 05:16:26,0.0,0.1,1.1
2017-02-27 05:16:26,0.0,0.1,1.1
2017-02-27 05:16:26,0.0,0.1,1.1
2017-02-27 05:16:26,0.0,0.1,1.1
2017-02-27 05:16:26,0.0,0.1,1.1
2017-02-27 05:16:26,0.0,0.1,1.1
2017-02-27 05:16:26,0.0,0.1,1.1
2017-02-27 05:16:27,0.0,0.1,1.1
2017-02-27 05:16:27,0.0,0.1,1.1
2017-02-27 05:16:27,0.0,0.0,1.1
2017-02-27 05:16:27,0.0,0.0,1.1
2017-02-27 05:16:27,0.1,0.1,1.1
2017-02-27 05:16:27,0.1,0.1,1.1
2017-02-27 05:16:27,0.1,0.1,1.1
2017-02-27 05:16:27,0.0,0.0,1.1
2017-02-27 05:16:27,0.0,0.1,1.1
2017-02-27 05:16:27,0.1,0.0,1.1
2017-02-27 05:16:28,0.0,0.0,1.1
2017-02-27 05:16:28,0.0,0.0,1.1
2017-02-27 05:16:28,0.0,0.1,1.1
2017-02-27 05:16:28,0.0,0.1,1.1
2017-02-27 05:16:28,0.0,0.1,1.1
2017-02-27 05:16:28,0.0,0.0,1.0
2017-02-27 05:16:28,0.0,0.0,1.1
2017-02-27 05:16:28,0.0,0.0,1.1
2017-02-27 05:16:28,0.1,0.0,1.1
2017-02-27 05:16:28,0.0,0.0,1.1
2017-02-27 05:16:29,0.0,0.0,1.1
2017-02-27 05:16:29,0.0,0.0,1.1
2017-02-27 05:16:29,0.0,0.0,1.1
2017-02-27 05:16:29,0.1,0.1,1.1
2017-02-27 05:16:29,0.1,0.1,1.1
2017-02-27 05:16:29,0.1,0.1,1.1
2017-02-27 05:16:29,0.1,0.1,1.1
2017-02-27 05:16:29,0.1,0.1,1.1
2017-02-27 05:16:29,0.1,0.1,1.1
2017-02-27 05:16:29,0.0,0.1,1.1
2017-02-27 05:16:30,0.0,0.1,1.1
2017-02-27 05:16:30,0.0,0.1,1.1
2017-02-27 05:16:30,0.0,0.1,1.1
2017-02-27 05:16:30,0.0,0.1,1.1
2017-02-27 05:16:30,0.0,0.1,1.1
2017-02-27 05:16:30,0.0,0.1,1.1
2017-02-27 05:16:30,0.0,0.1,1.0
2017-02-27 05:16:30,0.1,0.1,1.1
2017-02-27 05:16:30,0.1,0.1,1.1
2017-02-27 05:16:30,0.1,0.1,1.1
2017-02-27 05:16:31,0.1,0.1,1.1
2017-02-27 05:16:31,0.1,0.1,1.0
2017-02-27 05:16:31,0.0,0.1,1.1
2017-02-27 05:16:31,0.0,0.1,1.1
2017-02-27 05:16:31,0.0,0.1,1.1
2017-02-27 05:16:31,0.0,0.1,1.1
2017-02-27 05:16:31,0.0,0.1,1.1
2017-02-27 05:16:31,0.0,0.1,1.1
2017-02-27 05:16:31,0.0,0.1,1.1
2017-02-27 05:16:31,0.1,0.1,1.1
2017-02-27 05:16:32,0.0,0.1,1.1
2017-02-27 05:16:32,0.1,0.1,1.1
2017-02-27 05:16:32,0.0,0.1,1.1
2017-02-27 05:16:32,0.0,0.1,1.1
2017-02-27 05:16:32,0.0,0.1,1.1
2017-02-27 05:16:32,0.1,0.1,1.1
2017-02-27 05:16:32,0.1,0.1,1.1
2017-02-27 05:16:32,0.1,0.0,1.1
2017-02-27 05:16:32,0.1,0.1,1.1
2017-02-27 05:16:32,0.0,0.1,1.1
2017-02-27 05:16:33,0.0,0.1,1.1
2017-02-27 05:16:33,0.1,0.1,1.1
2017-02-27 05:16:33,0.1,0.1,1.1
2017-02-27 05:16:33,0.0,0.1,1.1
2017-02-27 05:16:33,0.0,0.0,1.1
2017-02-27 05:16:33,0.1,0.0,1.1
2017-02-27 05:16:33,0.0,0.1,1.1
2017-02-27 05:16:33,0.0,0.1,1.1
2017-02-27 05:16:33,0.1,0.1,1.1
2017-02-27 05:16:33,0.1,0.1,1.1
2017-02-27 05:16:34,0.1,0.1,1.1
2017-02-27 05:16:34,0.1,0.1,1.1
2017-02-27 05:16:34,0.1,0.1,1.1
2017-02-27 05:16:34,0.1,0.1,1.1
2017-02-27 05:16:34,0.1,0.0,1.1
2017-02-27 05:16:34,0.1,0.1,1.1
2017-02-27 05:16:34,0.1,0.1,1.1
2017-02-27 05:16:34,0.0,0.1,1.1
2017-02-27 05:16:34,0.0,0.1,1.1
2017-02-27 05:16:34,0.0,0.1,1.1
2017-02-27 05:16:35,0.0,0.1,1.1
2017-02-27 05:27:48,0.0,0.1,1.1
2017-02-27 05:27:48,0.1,0.1,1.1
2017-02-27 05:27:48,0.2,0.1,1.1
2017-02-27 05:27:48,0.3,0.0,1.0
2017-02-27 05:27:48,0.3,-0.0,1.0
2017-02-27 05:27:48,0.4,-0.1,0.9
2017-02-27 05:27:48,0.4,-0.0,1.0
2017-02-27 05:27:49,0.4,-0.0,1.0
2017-02-27 05:27:49,0.4,-0.0,1.0
2017-02-27 05:27:49,0.4,-0.1,1.0
2017-02-27 05:27:49,0.4,-0.0,1.0
2017-02-27 05:27:49,0.4,-0.0,1.0
2017-02-27 05:27:49,0.4,0.0,1.0
2017-02-27 05:27:49,0.5,-0.0,0.9
2017-02-27 05:27:49,0.5,-0.1,0.9
2017-02-27 05:27:49,0.5,-0.1,0.9
2017-02-27 05:27:49,0.4,-0.0,1.0
2017-02-27 05:27:50,0.4,0.0,1.0
2017-02-27 05:27:50,0.4,0.0,1.0
2017-02-27 05:27:50,0.4,0.0,1.0
2017-02-27 05:27:50,0.4,0.0,1.0
2017-02-27 05:27:50,0.4,0.0,1.0
2017-02-27 05:27:50,0.4,0.0,1.0
2017-02-27 05:27:50,0.4,0.0,1.0
2017-02-27 05:27:50,0.4,0.0,1.0
2017-02-27 05:27:50,0.4,0.0,1.0
2017-02-27 05:27:50,0.4,0.0,1.0
2017-02-27 05:27:51,0.4,0.0,1.0
2017-02-27 05:27:51,0.4,-0.0,1.0
2017-02-27 05:27:51,0.4,-0.0,1.0
2017-02-27 05:27:51,0.4,0.0,1.0
2017-02-27 05:27:51,0.4,0.0,1.0
2017-02-27 05:27:51,0.4,0.1,1.0
2017-02-27 05:27:51,0.4,0.0,1.0
2017-02-27 05:27:51,0.4,0.0,1.0
2017-02-27 05:27:51,0.4,-0.0,1.0
2017-02-27 05:27:51,0.4,-0.0,1.0
2017-02-27 05:27:52,0.5,-0.0,0.9
2017-02-27 05:27:52,0.5,-0.0,0.9
2017-02-27 05:27:52,0.5,-0.0,0.9
2017-02-27 05:27:52,0.5,-0.0,0.9
2017-02-27 05:27:52,0.5,-0.1,0.9
2017-02-27 05:27:52,0.5,0.0,1.1
2017-02-27 05:27:52,0.4,0.1,1.1
2017-02-27 05:27:52,0.3,0.1,1.2
2017-02-27 05:27:52,0.4,0.0,1.0
2017-02-27 05:27:52,0.4,0.0,1.0
2017-02-27 05:27:53,0.4,0.0,1.0
2017-02-27 05:27:53,0.4,0.0,1.0
2017-02-27 05:27:53,0.4,0.0,1.0
2017-02-27 05:27:53,0.4,0.1,1.0
2017-02-27 05:27:53,0.4,0.0,1.0
2017-02-27 05:27:53,0.4,0.0,1.0
2017-02-27 05:27:53,0.3,0.1,1.0
2017-02-27 05:27:53,0.2,0.1,1.0
2017-02-27 05:27:53,0.1,0.1,1.1
2017-02-27 05:27:53,0.2,0.1,1.0
2017-02-27 05:27:54,0.1,0.1,1.1
2017-02-27 05:27:54,0.1,0.1,1.1
2017-02-27 05:27:54,0.1,0.1,1.1
2017-02-27 05:27:54,0.2,0.1,1.1
2017-02-27 05:27:54,0.2,0.1,1.1
2017-02-27 05:27:54,0.2,0.1,1.0
2017-02-27 05:27:54,0.3,0.0,1.0
2017-02-27 05:27:54,0.2,0.1,1.0
2017-02-27 05:27:54,0.1,0.1,1.1
2017-02-27 05:27:54,0.0,0.1,1.1
2017-02-27 05:27:55,0.0,0.1,1.1
2017-02-27 05:27:55,0.0,0.1,1.1
2017-02-27 05:27:55,0.0,0.1,1.1
2017-02-27 05:27:55,0.0,0.1,1.0
2017-02-27 05:27:55,0.0,0.2,1.1
2017-02-27 05:27:55,0.0,0.2,1.1
2017-02-27 05:27:55,0.0,0.2,1.1
2017-02-27 05:27:55,0.0,0.2,1.1
2017-02-27 05:27:55,0.0,0.1,1.1
2017-02-27 05:27:55,0.1,0.1,1.1
2017-02-27 05:27:56,0.1,0.1,1.1
2017-02-27 05:27:56,0.1,0.1,1.0
2017-02-27 05:27:56,0.1,0.1,1.1
2017-02-27 05:27:56,0.0,0.1,1.1
2017-02-27 05:27:56,0.1,0.1,1.1
2017-02-27 05:27:56,0.1,0.1,1.1
2017-02-27 05:27:56,0.1,0.2,1.1
2017-02-27 05:27:56,0.1,0.1,1.1
2017-02-27 05:27:56,0.1,0.1,1.1
2017-02-27 05:27:56,0.1,0.1,1.1
2017-02-27 05:27:57,0.0,0.1,1.1
2017-02-27 05:27:57,0.1,0.1,1.1
2017-02-27 05:27:57,0.1,0.1,1.1
2017-02-27 05:27:57,0.1,0.1,1.1
2017-02-27 05:27:57,0.1,0.1,1.1
2017-02-27 05:27:57,0.1,0.1,1.0
2017-02-27 05:27:57,0.1,0.1,1.0
2017-02-27 05:27:57,0.1,0.1,1.1
2017-02-27 05:27:57,0.1,0.1,1.1
2017-02-27 05:27:57,0.1,0.1,1.1
2017-02-27 05:27:58,0.1,0.1,1.1
2017-02-27 05:27:58,0.1,0.1,1.1
2017-02-27 05:27:58,0.1,0.2,1.1
2017-02-27 05:35:03,0.1,0.2,1.1
2017-02-27 05:35:03,0.2,0.1,1.0
2017-02-27 05:35:03,0.2,0.0,1.0
2017-02-27 05:35:03,0.2,-0.0,1.0
2017-02-27 05:35:03,0.2,0.0,1.1
2017-02-27 05:35:04,0.2,0.0,1.1
2017-02-27 05:35:04,0.2,0.1,1.1
2017-02-27 05:35:04,0.1,0.1,1.1
2017-02-27 05:35:04,0.2,0.1,1.1
2017-02-27 05:35:04,0.2,0.1,1.0
2017-02-27 05:35:04,0.2,0.1,1.1
2017-02-27 05:35:04,0.1,0.1,1.1
2017-02-27 05:35:04,0.2,0.1,1.1
2017-02-27 05:35:04,0.2,0.1,1.0
2017-02-27 05:35:04,0.2,0.1,1.0
2017-02-27 05:35:04,0.2,0.1,1.1
2017-02-27 05:35:05,0.2,0.1,1.0
2017-02-27 05:35:05,0.2,0.1,1.0
2017-02-27 05:35:05,0.2,0.1,1.0
2017-02-27 05:35:05,0.2,0.1,1.0
2017-02-27 05:35:05,0.2,0.1,1.0
2017-02-27 05:35:05,0.2,0.1,1.1
2017-02-27 05:35:05,0.2,0.1,1.1
2017-02-27 05:35:05,0.2,0.1,1.0
2017-02-27 05:35:05,0.2,0.1,1.0
2017-02-27 05:35:05,0.2,0.1,1.0
2017-02-27 05:35:06,0.2,0.1,1.0
2017-02-27 05:35:06,0.2,0.0,1.1
2017-02-27 05:35:06,0.2,0.0,1.1
2017-02-27 05:35:06,0.2,0.1,1.1
2017-02-27 05:35:06,0.2,0.1,1.1
2017-02-27 05:35:06,0.2,0.1,1.1
2017-02-27 05:35:06,0.2,0.1,1.1
2017-02-27 05:35:06,0.2,0.1,1.1
2017-02-27 05:35:06,0.2,0.1,1.1
2017-02-27 05:35:07,0.2,0.1,1.0
2017-02-27 05:35:07,0.2,0.1,1.0
2017-02-27 05:35:07,0.2,0.1,1.1
2017-02-27 05:35:07,0.1,0.1,1.1
2017-02-27 05:35:07,0.2,0.1,1.1
2017-02-27 05:35:07,0.2,0.1,1.1
2017-02-27 05:35:07,0.2,0.1,1.1
2017-02-27 05:35:07,0.2,0.1,1.0
2017-02-27 05:35:07,0.2,0.1,1.0
2017-02-27 05:35:07,0.2,0.1,1.0
2017-02-27 05:35:07,0.1,0.1,1.0
2017-02-27 05:35:08,0.2,0.1,1.0
2017-02-27 05:35:08,0.2,0.1,1.1
2017-02-27 05:35:08,0.2,0.1,1.1
2017-02-27 05:35:08,0.2,0.1,1.1
2017-02-27 05:35:08,0.2,0.1,1.0
2017-02-27 05:35:08,0.2,0.1,1.0
2017-02-27 05:35:08,0.2,0.1,1.0
2017-02-27 05:35:08,0.2,0.1,1.1
2017-02-27 05:35:08,0.2,0.1,1.1
2017-02-27 05:35:08,0.2,0.1,1.1
2017-02-27 05:35:09,0.2,0.1,1.1
2017-02-27 05:35:09,0.2,0.1,1.0
2017-02-27 05:35:09,0.2,0.1,1.0
2017-02-27 05:35:09,0.2,0.1,1.0
2017-02-27 05:35:09,0.2,0.1,1.0
2017-02-27 05:35:09,0.2,0.1,1.1
2017-02-27 05:35:09,0.2,0.1,1.1
2017-02-27 05:35:09,0.2,0.1,1.1
2017-02-27 05:35:09,0.2,0.1,1.0
2017-02-27 05:35:10,0.2,0.1,1.0
2017-02-27 05:35:10,0.2,0.1,1.0
2017-02-27 05:35:10,0.2,0.1,1.1
2017-02-27 05:35:10,0.2,0.1,1.0
2017-02-27 05:35:10,0.2,0.1,1.0
2017-02-27 05:35:10,0.2,0.1,1.0
2017-02-27 05:35:10,0.2,0.1,1.0
2017-02-27 05:35:10,0.2,0.1,1.0
2017-02-27 05:35:10,0.2,0.1,1.0
2017-02-27 05:35:10,0.2,0.1,1.1
2017-02-27 05:35:10,0.2,0.1,1.1
2017-02-27 05:35:11,0.2,0.1,1.0
2017-02-27 05:35:11,0.2,0.1,1.0
2017-02-27 05:35:11,0.2,0.1,1.0
2017-02-27 05:35:11,0.2,0.1,1.0
2017-02-27 05:35:11,0.2,0.1,1.1
2017-02-27 05:35:11,0.2,0.1,1.1
2017-02-27 05:35:11,0.2,0.1,1.1
2017-02-27 05:35:11,0.2,0.1,1.1
2017-02-27 05:35:11,0.2,0.1,1.1
2017-02-27 05:35:11,0.2,0.1,1.0
2017-02-27 05:35:12,0.2,0.1,1.0
2017-02-27 05:35:12,0.2,0.1,1.0
2017-02-27 05:35:12,0.1,0.1,1.1
2017-02-27 05:35:12,0.2,0.1,1.1
2017-02-27 05:35:12,0.2,0.1,1.1
2017-02-27 05:35:12,0.2,0.1,1.1
2017-02-27 05:35:12,0.2,0.1,1.1
2017-02-27 05:35:12,0.2,0.1,1.1
2017-02-27 05:35:12,0.1,0.1,1.1
2017-02-27 05:35:13,0.2,0.1,1.1
2017-02-27 05:35:13,0.2,0.1,1.0
2017-02-27 05:35:13,0.2,0.1,1.1
2017-02-27 05:35:13,0.2,0.1,1.1
2017-02-27 05:35:13,0.2,0.1,1.1
2017-02-27 07:11:46,0.2,0.1,1.1
2017-02-27 07:11:46,0.2,0.1,1.1
2017-02-27 07:11:46,0.2,0.2,1.1
2017-02-27 07:11:46,0.2,0.1,1.1
2017-02-27 07:11:46,0.2,0.1,1.1
2017-02-27 07:11:46,0.2,0.1,1.1
2017-02-27 07:11:46,0.2,0.1,1.1
2017-02-27 07:11:46,0.2,0.1,1.1
2017-02-27 07:11:47,0.2,0.1,1.1
2017-02-27 07:11:47,0.2,0.1,1.1
2017-02-27 07:11:47,0.2,0.1,1.1
2017-02-27 07:11:47,0.2,0.1,1.1
2017-02-27 07:11:47,0.2,0.1,1.1
2017-02-27 07:11:47,0.2,0.1,1.1
2017-02-27 07:11:47,0.2,0.1,1.0
2017-02-27 07:11:47,0.2,0.1,1.0
2017-02-27 07:11:47,0.2,0.1,1.0
2017-02-27 07:11:47,0.2,0.1,1.0
2017-02-27 07:11:48,0.2,0.1,1.1
2017-02-27 07:11:48,0.2,0.1,1.1
2017-02-27 07:11:48,0.2,0.1,1.1
2017-02-27 07:11:48,0.2,0.1,1.0
2017-02-27 07:11:48,0.2,0.1,1.1
2017-02-27 07:11:48,0.2,0.1,1.0
2017-02-27 07:11:48,0.2,0.1,1.1
2017-02-27 07:11:48,0.2,0.1,1.1
2017-02-27 07:11:48,0.2,0.1,1.1
2017-02-27 07:11:48,0.2,0.1,1.1
2017-02-27 07:11:49,0.1,0.1,1.1
2017-02-27 07:11:49,0.1,0.1,1.1
2017-02-27 07:11:49,0.2,0.1,1.1
2017-02-27 07:11:49,0.2,0.1,1.1
2017-02-27 07:11:49,0.2,0.1,1.0
2017-02-27 07:11:49,0.2,0.1,1.0
2017-02-27 07:11:49,0.2,0.1,1.1
2017-02-27 07:11:49,0.2,0.1,1.1
2017-02-27 07:11:49,0.2,0.1,1.1
2017-02-27 07:11:49,0.2,0.1,1.1
2017-02-27 07:11:50,0.2,0.1,1.1
2017-02-27 07:11:50,0.2,0.1,1.1
2017-02-27 07:11:50,0.2,0.1,1.1
2017-02-27 07:11:50,0.2,0.1,1.1
2017-02-27 07:11:50,0.2,0.1,1.1
2017-02-27 07:11:50,0.2,0.1,1.1
2017-02-27 07:11:50,0.2,0.1,1.0
2017-02-27 07:11:50,0.1,0.1,1.1
2017-02-27 07:11:50,0.2,0.1,1.0
2017-02-27 07:11:50,0.1,0.1,1.1
2017-02-27 07:11:51,0.2,0.1,1.1
2017-02-27 07:11:51,0.2,0.1,1.0
2017-02-27 07:11:51,0.2,0.1,1.0
2017-02-27 07:11:51,0.2,0.1,1.0
2017-02-27 07:11:51,0.2,0.1,1.0
2017-02-27 07:11:51,0.2,0.1,1.0
2017-02-27 07:11:51,0.2,0.1,1.1
2017-02-27 07:11:51,0.2,0.1,1.1
2017-02-27 07:11:51,0.2,0.1,1.1
2017-02-27 07:11:51,0.2,0.1,1.1
2017-02-27 07:11:52,0.2,0.1,1.1
2017-02-27 07:11:52,0.2,0.1,1.0
2017-02-27 07:11:52,0.2,0.1,1.0
2017-02-27 07:11:52,0.2,0.1,1.1
2017-02-27 07:11:52,0.2,0.1,1.1
2017-02-27 07:11:52,0.2,0.1,1.0
2017-02-27 07:11:52,0.2,0.1,1.0
2017-02-27 07:11:52,0.2,0.1,1.0
2017-02-27 07:11:52,0.2,0.1,1.0
2017-02-27 07:11:52,0.2,0.1,1.1
2017-02-27 07:11:53,0.2,0.1,1.0
2017-02-27 07:11:53,0.2,0.1,1.0
2017-02-27 07:11:53,0.2,0.1,1.0
2017-02-27 07:11:53,0.2,0.1,1.0
2017-02-27 07:11:53,0.2,0.1,1.1
2017-02-27 07:11:53,0.2,0.1,1.1
2017-02-27 07:11:53,0.2,0.1,1.1
2017-02-27 07:11:53,0.2,0.1,1.1
2017-02-27 07:11:53,0.2,0.1,1.0
2017-02-27 07:11:53,0.2,0.1,1.0
2017-02-27 07:11:54,0.2,0.1,1.0
2017-02-27 07:11:54,0.2,0.1,1.0
2017-02-27 07:11:54,0.2,0.1,1.1
2017-02-27 07:11:54,0.2,0.1,1.1
2017-02-27 07:11:54,0.2,0.1,1.1
2017-02-27 07:11:54,0.2,0.1,1.1
2017-02-27 07:11:54,0.2,0.1,1.0
2017-02-27 07:11:54,0.2,0.1,1.1
2017-02-27 07:11:54,0.1,0.1,1.1
2017-02-27 07:11:54,0.1,0.1,1.1
2017-02-27 07:11:55,0.2,0.1,1.1
2017-02-27 07:11:55,0.2,0.1,1.1
2017-02-27 07:11:55,0.2,0.1,1.1
2017-02-27 07:11:55,0.2,0.1,1.1
2017-02-27 07:11:55,0.2,0.1,1.1
2017-02-27 07:11:55,0.2,0.1,1.1
2017-02-27 07:11:55,0.2,0.1,1.1
2017-02-27 07:11:55,0.2,0.1,1.1
2017-02-27 07:11:55,0.2,0.1,1.1
2017-02-27 07:11:55,0.2,0.1,1.1
2017-02-27 07:11:56,0.2,0.1,1.1
2017-02-27 07:11:56,0.2,0.1,1.1
2017-02-27 07:30:06,0.2,0.1,1.1
2017-02-27 07:30:06,0.2,0.0,1.0
2017-02-27 07:30:06,0.2,0.1,1.0
2017-02-27 07:30:06,0.2,0.1,1.0
2017-02-27 07:30:06,0.2,0.1,1.1
2017-02-27 07:30:06,0.1,0.0,1.1
2017-02-27 07:30:06,0.3,0.1,1.1
2017-02-27 07:30:06,0.3,0.1,1.1
2017-02-27 07:30:07,0.1,0.0,1.0
2017-02-27 07:30:07,0.2,0.1,1.1
2017-02-27 07:30:07,0.2,0.1,1.1
2017-02-27 07:30:07,0.3,0.2,1.1
2017-02-27 07:30:07,0.2,0.1,1.1
2017-02-27 07:30:07,0.2,0.1,1.1
2017-02-27 07:30:07,0.2,0.1,1.0
2017-02-27 07:30:07,0.2,0.1,1.1
2017-02-27 07:30:07,0.2,0.1,1.1
2017-02-27 07:30:07,0.2,0.1,1.1
2017-02-27 07:30:07,0.2,0.1,1.1
2017-02-27 07:30:08,0.2,0.1,1.1
2017-02-27 07:30:08,0.2,0.1,1.1
2017-02-27 07:30:08,0.2,0.1,1.1
2017-02-27 07:30:08,0.2,0.1,1.1
2017-02-27 07:30:08,0.2,0.1,1.1
2017-02-27 07:30:08,0.2,0.1,1.1
2017-02-27 07:30:08,0.2,0.1,1.1
2017-02-27 07:30:08,0.2,0.1,1.1
2017-02-27 07:30:09,0.2,0.1,1.0
2017-02-27 07:30:09,0.2,0.1,1.0
2017-02-27 07:30:09,0.2,0.1,1.0
2017-02-27 07:30:09,0.2,0.1,1.0
2017-02-27 07:30:09,0.2,0.2,1.0
2017-02-27 07:30:09,0.2,0.2,1.0
2017-02-27 07:30:09,0.1,0.2,1.0
2017-02-27 07:30:09,0.2,0.1,1.0
2017-02-27 07:30:09,0.2,0.1,1.1
2017-02-27 07:30:09,0.2,0.1,1.1
2017-02-27 07:30:09,0.2,0.1,1.1
2017-02-27 07:30:10,0.2,0.1,1.0
2017-02-27 07:30:10,0.2,0.1,1.1
2017-02-27 07:30:10,0.2,0.1,1.1
2017-02-27 07:30:10,0.2,0.1,1.1
2017-02-27 07:30:10,0.2,0.1,1.1
2017-02-27 07:30:10,0.2,0.1,1.1
2017-02-27 07:30:10,0.2,0.1,1.1
2017-02-27 07:30:10,0.2,0.1,1.1
2017-02-27 07:30:10,0.2,0.1,1.1
2017-02-27 07:30:10,0.2,0.1,1.1
2017-02-27 07:30:10,0.2,0.1,1.1
2017-02-27 07:30:11,0.2,0.1,1.1
2017-02-27 07:30:11,0.2,0.1,1.1
2017-02-27 07:30:11,0.2,0.1,1.1
2017-02-27 07:30:11,0.2,0.1,1.1
2017-02-27 07:30:11,0.2,0.1,1.1
2017-02-27 07:30:11,0.2,0.1,1.1
2017-02-27 07:30:11,0.2,0.1,1.0
2017-02-27 07:30:11,0.2,0.1,1.0
2017-02-27 07:30:11,0.2,0.1,1.0
2017-02-27 07:30:11,0.2,0.1,1.1
2017-02-27 07:30:12,0.2,0.1,1.1
2017-02-27 07:30:12,0.2,0.1,1.1
2017-02-27 07:30:12,0.2,0.1,1.1
2017-02-27 07:30:12,0.2,0.1,1.1
2017-02-27 07:30:12,0.2,0.1,1.0
2017-02-27 07:30:12,0.2,0.1,1.1
2017-02-27 07:30:12,0.2,0.1,1.0
2017-02-27 07:30:12,0.2,0.1,1.0
2017-02-27 07:30:12,0.2,0.1,1.0
2017-02-27 07:30:13,0.2,0.1,1.0
2017-02-27 07:30:13,0.2,0.1,1.1
2017-02-27 07:30:13,0.2,0.1,1.0
2017-02-27 07:30:13,0.2,0.1,1.0
2017-02-27 07:30:13,0.2,0.1,1.0
2017-02-27 07:30:13,0.2,0.1,1.1
2017-02-27 07:30:13,0.2,0.1,1.1
2017-02-27 07:30:13,0.2,0.1,1.1
2017-02-27 07:30:13,0.2,0.1,1.1
2017-02-27 07:30:13,0.2,0.1,1.1
2017-02-27 07:30:13,0.2,0.1,1.1
2017-02-27 07:30:14,0.2,0.1,1.1
2017-02-27 07:30:14,0.2,0.1,1.0
2017-02-27 07:30:14,0.2,0.1,1.0
2017-02-27 07:30:14,0.2,0.1,1.1
2017-02-27 07:30:14,0.2,0.1,1.1
2017-02-27 07:30:14,0.2,0.1,1.1
2017-02-27 07:30:14,0.2,0.1,1.0
2017-02-27 07:30:14,0.2,0.1,1.1
2017-02-27 07:30:14,0.2,0.1,1.1
2017-02-27 07:30:14,0.2,0.1,1.0
2017-02-27 07:30:15,0.2,0.1,1.0
2017-02-27 07:30:15,0.2,0.1,1.1
2017-02-27 07:30:15,0.2,0.1,1.1
2017-02-27 07:30:15,0.2,0.1,1.1
2017-02-27 07:30:15,0.2,0.1,1.1
2017-02-27 07:30:15,0.2,0.1,1.1
2017-02-27 07:30:15,0.2,0.1,1.1
2017-02-27 07:30:15,0.2,0.1,1.1
2017-02-27 07:30:15,0.2,0.1,1.1
2017-02-27 07:30:16,0.2,0.1,1.1
2017-02-27 07:30:16,0.2,0.1,1.1
2017-02-27 07:45:03,0.2,0.1,1.1
2017-02-27 07:45:03,0.2,0.1,1.1
2017-02-27 07:45:03,0.2,0.1,1.0
2017-02-27 07:45:03,0.2,0.1,1.0
2017-02-27 07:45:03,0.2,0.1,1.0
2017-02-27 07:45:03,0.2,0.1,1.0
2017-02-27 07:45:03,0.2,0.1,1.1
2017-02-27 07:45:04,0.2,0.1,1.1
2017-02-27 07:45:04,0.2,0.1,1.1
2017-02-27 07:45:04,0.2,0.1,1.0
2017-02-27 07:45:04,0.2,0.1,1.0
2017-02-27 07:45:04,0.2,0.1,1.0
2017-02-27 07:45:04,0.1,0.1,1.0
2017-02-27 07:45:04,0.1,0.1,1.0
2017-02-27 07:45:04,0.2,0.1,1.1
2017-02-27 07:45:04,0.2,0.1,1.1
2017-02-27 07:45:04,0.2,0.1,1.1
2017-02-27 07:45:05,0.2,0.1,1.1
2017-02-27 07:45:05,0.2,0.1,1.1
2017-02-27 07:45:05,0.2,0.1,1.1
2017-02-27 07:45:05,0.2,0.1,1.1
2017-02-27 07:45:05,0.2,0.1,1.1
2017-02-27 07:45:05,0.2,0.1,1.1
2017-02-27 07:45:05,0.2,0.1,1.0
2017-02-27 07:45:05,0.2,0.1,1.0
2017-02-27 07:45:05,0.2,0.1,1.0
2017-02-27 07:45:05,0.2,0.1,1.0
2017-02-27 07:45:06,0.2,0.1,1.0
2017-02-27 07:45:06,0.2,0.1,1.0
2017-02-27 07:45:06,0.2,0.1,1.1
2017-02-27 07:45:06,0.2,0.1,1.1
2017-02-27 07:45:06,0.2,0.1,1.1
2017-02-27 07:45:06,0.2,0.1,1.1
2017-02-27 07:45:06,0.2,0.1,1.1
2017-02-27 07:45:06,0.2,0.1,1.1
2017-02-27 07:45:06,0.2,0.1,1.1
2017-02-27 07:45:06,0.2,0.1,1.1
2017-02-27 07:45:07,0.2,0.1,1.1
2017-02-27 07:45:07,0.2,0.1,1.1
2017-02-27 07:45:07,0.2,0.1,1.1
2017-02-27 07:45:07,0.2,0.1,1.1
2017-02-27 07:45:07,0.2,0.1,1.0
2017-02-27 07:45:07,0.2,0.1,1.1
2017-02-27 07:45:07,0.2,0.1,1.1
2017-02-27 07:45:07,0.2,0.1,1.1
2017-02-27 07:45:07,0.2,0.1,1.1
2017-02-27 07:45:07,0.2,0.1,1.1
2017-02-27 07:45:08,0.2,0.1,1.1
2017-02-27 07:45:08,0.2,0.1,1.1
2017-02-27 07:45:08,0.2,0.1,1.1
2017-02-27 07:45:08,0.2,0.1,1.1
2017-02-27 07:45:08,0.2,0.1,1.1
2017-02-27 07:45:08,0.2,0.1,1.1
2017-02-27 07:45:08,0.1,0.1,1.1
2017-02-27 07:45:08,0.2,0.1,1.0
2017-02-27 07:45:08,0.2,0.1,1.0
2017-02-27 07:45:08,0.2,0.1,1.1
2017-02-27 07:45:09,0.2,0.1,1.0
2017-02-27 07:45:09,0.2,0.1,1.0
2017-02-27 07:45:09,0.2,0.1,1.0
2017-02-27 07:45:09,0.2,0.1,1.0
2017-02-27 07:45:09,0.2,0.1,1.1
2017-02-27 07:45:09,0.2,0.1,1.1
2017-02-27 07:45:09,0.2,0.1,1.1
2017-02-27 07:45:09,0.2,0.1,1.0
2017-02-27 07:45:09,0.2,0.1,1.0
2017-02-27 07:45:09,0.2,0.1,1.0
2017-02-27 07:45:10,0.2,0.1,1.1
2017-02-27 07:45:10,0.2,0.1,1.1
2017-02-27 07:45:10,0.2,0.1,1.1
2017-02-27 07:45:10,0.2,0.1,1.0
2017-02-27 07:45:10,0.2,0.1,1.1
2017-02-27 07:45:10,0.2,0.1,1.1
2017-02-27 07:45:10,0.2,0.1,1.1
2017-02-27 07:45:10,0.2,0.1,1.0
2017-02-27 07:45:10,0.2,0.1,1.1
2017-02-27 07:45:10,0.2,0.1,1.1
2017-02-27 07:45:11,0.2,0.1,1.1
2017-02-27 07:45:11,0.2,0.1,1.1
2017-02-27 07:45:11,0.2,0.1,1.1
2017-02-27 07:45:11,0.2,0.1,1.1
2017-02-27 07:45:11,0.2,0.1,1.0
2017-02-27 07:45:11,0.2,0.1,1.0
2017-02-27 07:45:11,0.2,0.1,1.1
2017-02-27 07:45:11,0.2,0.1,1.1
2017-02-27 07:45:11,0.2,0.1,1.1
2017-02-27 07:45:11,0.2,0.1,1.1
2017-02-27 07:45:12,0.2,0.1,1.1
2017-02-27 07:45:12,0.2,0.1,1.1
2017-02-27 07:45:12,0.2,0.1,1.0
2017-02-27 07:45:12,0.2,0.1,1.0
2017-02-27 07:45:12,0.2,0.1,1.1
2017-02-27 07:45:12,0.2,0.1,1.1
2017-02-27 07:45:12,0.2,0.1,1.1
2017-02-27 07:45:12,0.2,0.1,1.0
2017-02-27 07:45:12,0.2,0.1,1.0
2017-02-27 07:45:12,0.2,0.1,1.1
2017-02-27 07:45:13,0.2,0.1,1.0
2017-02-27 07:45:13,0.2,0.1,1.1
2017-02-27 07:45:13,0.2,0.1,1.1
