2017-03-04 23:38:49,0.0,0.0,0.0
2017-03-04 23:38:55,0.0,0.0,0.0
2017-03-04 23:38:56,0.0,-0.0,0.3
2017-03-04 23:38:56,0.1,0.0,0.6
2017-03-04 23:38:56,0.2,0.0,1.0
2017-03-04 23:38:56,0.2,0.0,0.9
2017-03-04 23:38:56,0.2,-0.0,1.0
2017-03-04 23:38:56,0.1,-0.0,0.9
2017-03-04 23:38:56,0.2,0.0,0.9
2017-03-04 23:38:56,0.1,0.0,0.9
2017-03-04 23:38:56,0.1,0.0,0.9
2017-03-04 23:38:56,0.1,0.0,0.9
2017-03-04 23:38:56,0.1,0.0,0.9
2017-03-04 23:38:57,0.1,0.0,0.9
2017-03-04 23:38:57,0.1,0.0,0.9
2017-03-04 23:38:57,0.1,0.1,0.9
2017-03-04 23:38:57,0.1,0.0,1.0
2017-03-04 23:38:57,0.1,0.0,1.0
2017-03-04 23:38:57,0.1,0.0,1.0
2017-03-04 23:38:57,0.2,0.1,1.0
2017-03-04 23:38:57,0.2,0.1,1.0
2017-03-04 23:38:57,0.2,0.1,1.0
2017-03-04 23:38:57,0.1,0.0,1.0
2017-03-04 23:38:58,0.1,0.0,1.0
2017-03-04 23:38:58,0.1,0.0,0.9
2017-03-04 23:38:58,0.1,0.0,0.9
2017-03-04 23:38:58,0.1,-0.0,0.9
2017-03-04 23:38:58,0.1,-0.0,0.9
2017-03-04 23:38:58,0.1,-0.0,1.0
2017-03-04 23:38:58,0.1,0.0,1.0
2017-03-04 23:38:58,0.2,0.0,0.9
2017-03-04 23:38:58,0.2,0.0,0.9
2017-03-04 23:38:58,0.2,0.0,0.9
2017-03-04 23:38:59,0.2,0.0,1.0
2017-03-04 23:38:59,0.1,0.0,1.0
2017-03-04 23:38:59,0.1,0.0,1.0
2017-03-04 23:38:59,0.1,-0.0,1.0
2017-03-04 23:38:59,0.1,0.0,0.9
2017-03-04 23:38:59,0.2,0.0,0.9
2017-03-04 23:38:59,0.1,0.0,0.9
2017-03-04 23:38:59,0.2,0.0,1.0
2017-03-04 23:38:59,0.2,0.0,1.0
2017-03-04 23:38:59,0.1,0.0,1.0
2017-03-04 23:39:00,0.1,0.0,1.0
2017-03-04 23:39:00,0.1,-0.0,0.9
2017-03-04 23:39:00,0.1,0.0,0.9
2017-03-04 23:39:00,0.1,0.0,1.0
2017-03-04 23:39:00,0.1,0.0,1.0
2017-03-04 23:39:00,0.1,0.0,1.0
2017-03-04 23:39:00,0.1,0.0,0.9
2017-03-04 23:39:00,0.1,0.0,1.0
2017-03-04 23:39:00,0.2,0.0,1.0
2017-03-04 23:39:00,0.1,0.0,1.0
2017-03-04 23:39:01,0.1,-0.0,1.0
2017-03-04 23:39:01,0.1,-0.0,1.0
2017-03-04 23:39:01,0.1,-0.0,1.0
2017-03-04 23:39:01,0.1,0.0,1.0
2017-03-04 23:39:01,0.1,0.0,0.9
2017-03-04 23:39:01,0.1,0.0,1.0
2017-03-04 23:39:01,0.1,0.0,1.0
2017-03-04 23:39:01,0.1,0.0,1.0
2017-03-04 23:39:01,0.1,-0.0,1.0
2017-03-04 23:39:01,0.1,-0.0,1.0
2017-03-04 23:39:02,0.2,0.0,1.0
2017-03-04 23:39:02,0.1,0.1,1.0
2017-03-04 23:39:02,0.1,0.0,0.9
2017-03-04 23:39:02,0.1,0.0,0.9
2017-03-04 23:39:02,0.1,0.0,0.9
2017-03-04 23:39:02,0.1,0.0,0.9
2017-03-04 23:39:02,0.1,-0.0,1.0
2017-03-04 23:39:02,0.2,0.0,1.0
2017-03-04 23:39:02,0.2,0.0,0.9
2017-03-04 23:39:02,0.2,0.0,0.9
2017-03-04 23:39:03,0.1,0.0,1.0
2017-03-04 23:39:03,0.1,0.0,1.0
2017-03-04 23:39:03,0.1,0.0,1.0
2017-03-04 23:39:03,0.1,0.0,1.0
2017-03-04 23:39:03,0.1,0.0,1.0
2017-03-04 23:39:03,0.1,0.0,1.0
2017-03-04 23:39:03,0.1,0.0,1.0
2017-03-04 23:39:03,0.1,0.0,1.0
2017-03-04 23:39:03,0.2,0.0,0.9
2017-03-04 23:39:04,0.1,0.0,1.0
2017-03-04 23:39:04,0.1,0.0,1.0
2017-03-04 23:39:04,0.1,0.0,1.0
2017-03-04 23:39:04,0.2,0.0,1.0
2017-03-04 23:39:04,0.2,0.0,1.0
2017-03-04 23:39:04,0.1,0.0,1.0
2017-03-04 23:39:04,0.1,0.0,1.0
2017-03-04 23:39:04,0.1,0.0,1.0
2017-03-04 23:39:04,0.1,0.0,1.0
2017-03-04 23:39:04,0.1,0.0,1.0
2017-03-04 23:39:04,0.1,0.0,1.0
2017-03-04 23:39:05,0.1,0.0,0.9
2017-03-04 23:39:05,0.1,0.1,0.9
2017-03-04 23:39:05,0.1,0.0,0.9
2017-03-04 23:39:05,0.1,0.0,1.0
2017-03-04 23:39:05,0.0,0.0,0.9
2017-03-04 23:39:05,0.1,0.1,0.9
2017-03-04 23:39:05,0.1,0.1,0.9
2017-03-04 23:39:05,0.1,0.0,1.0
2017-03-04 23:39:05,0.1,0.0,1.0
2017-03-04 23:39:22,0.1,0.0,1.0
2017-03-04 23:39:22,0.1,0.0,1.0
2017-03-04 23:39:22,0.1,0.0,1.0
2017-03-04 23:39:22,0.1,0.0,1.0
2017-03-04 23:39:22,0.1,0.0,1.0
2017-03-04 23:39:22,0.0,0.0,1.0
2017-03-04 23:39:22,0.0,0.0,0.9
2017-03-04 23:39:22,0.1,0.0,0.9
2017-03-04 23:39:22,0.0,-0.0,0.9
2017-03-04 23:39:22,0.0,0.0,0.9
2017-03-04 23:39:23,0.1,0.0,1.0
2017-03-04 23:39:23,0.1,0.0,1.0
2017-03-04 23:39:23,0.1,-0.0,1.0
2017-03-04 23:39:23,0.1,-0.0,1.0
2017-03-04 23:39:23,0.1,-0.0,1.0
2017-03-04 23:39:23,0.1,-0.0,1.0
2017-03-04 23:39:23,0.1,-0.0,1.0
2017-03-04 23:39:23,0.1,0.0,1.0
2017-03-04 23:39:23,0.1,0.1,1.0
2017-03-04 23:39:23,0.1,0.1,1.0
2017-03-04 23:39:24,0.1,0.0,1.0
2017-03-04 23:39:24,0.0,-0.0,1.0
2017-03-04 23:39:24,0.1,0.0,1.0
2017-03-04 23:39:24,0.1,0.0,1.0
2017-03-04 23:39:24,0.1,0.0,1.0
2017-03-04 23:39:24,0.1,0.0,1.0
2017-03-04 23:39:24,0.1,0.0,1.0
2017-03-04 23:39:24,0.1,0.0,1.0
2017-03-04 23:39:24,0.1,0.0,1.0
2017-03-04 23:39:24,0.1,-0.0,1.0
2017-03-04 23:39:25,0.0,-0.0,1.0
2017-03-04 23:39:25,0.1,-0.0,1.0
2017-03-04 23:39:25,0.1,0.0,1.0
2017-03-04 23:39:25,0.1,0.1,1.0
2017-03-04 23:39:25,0.1,0.0,0.9
2017-03-04 23:39:25,0.1,0.0,0.9
2017-03-04 23:39:25,0.1,0.0,1.0
2017-03-04 23:39:25,0.1,0.0,1.0
2017-03-04 23:39:25,0.1,0.1,1.0
2017-03-04 23:39:25,0.1,0.1,1.0
2017-03-04 23:39:26,0.1,0.0,1.0
2017-03-04 23:39:26,0.0,0.0,1.0
2017-03-04 23:39:26,-0.0,-0.0,1.0
2017-03-04 23:39:26,-0.0,-0.0,1.0
2017-03-04 23:39:26,0.0,0.0,1.0
2017-03-04 23:39:26,0.1,0.0,0.9
2017-03-04 23:39:26,0.1,0.0,0.9
2017-03-04 23:39:26,0.2,0.0,0.9
2017-03-04 23:39:26,0.1,0.0,1.0
2017-03-04 23:39:26,0.1,0.0,1.0
2017-03-04 23:39:27,0.0,0.0,1.0
2017-03-04 23:39:27,0.1,0.0,1.0
2017-03-04 23:39:27,0.1,0.0,1.0
2017-03-04 23:39:27,0.1,0.0,0.9
2017-03-04 23:39:27,0.1,0.1,0.9
2017-03-04 23:39:27,0.1,0.0,0.9
2017-03-04 23:39:27,0.1,-0.0,0.9
2017-03-04 23:39:27,0.1,-0.0,1.0
2017-03-04 23:39:27,0.1,-0.0,1.0
2017-03-04 23:39:27,0.1,-0.0,0.9
2017-03-04 23:39:28,0.1,0.0,0.9
2017-03-04 23:39:28,0.0,-0.0,0.9
2017-03-04 23:39:28,0.1,0.0,1.0
2017-03-04 23:39:28,0.1,-0.0,1.0
2017-03-04 23:39:28,0.1,-0.0,1.0
2017-03-04 23:39:28,0.1,-0.1,1.0
2017-03-04 23:39:28,0.1,-0.0,1.0
2017-03-04 23:39:28,0.1,-0.0,1.0
2017-03-04 23:39:28,0.1,-0.0,1.0
2017-03-04 23:39:28,0.1,0.0,1.0
2017-03-04 23:39:29,0.1,0.0,1.0
2017-03-04 23:39:29,0.0,-0.0,1.0
2017-03-04 23:39:29,0.1,-0.0,1.0
2017-03-04 23:39:29,0.1,-0.0,1.0
2017-03-04 23:39:29,0.1,0.0,1.0
2017-03-04 23:39:29,0.1,0.0,1.0
2017-03-04 23:39:29,0.1,0.0,0.9
2017-03-04 23:39:29,0.1,0.0,0.9
2017-03-04 23:39:29,0.1,0.0,1.0
2017-03-04 23:39:29,0.1,0.0,1.0
2017-03-04 23:39:30,0.1,0.1,1.0
2017-03-04 23:39:30,0.1,0.0,1.0
2017-03-04 23:39:30,0.1,0.0,1.0
2017-03-04 23:39:30,0.1,0.0,1.0
2017-03-04 23:39:30,0.1,0.0,1.0
2017-03-04 23:39:30,0.1,-0.0,1.0
2017-03-04 23:39:30,0.1,-0.0,1.0
2017-03-04 23:39:30,0.1,-0.0,0.9
2017-03-04 23:39:30,0.1,0.0,1.0
2017-03-04 23:39:31,0.1,0.0,1.0
2017-03-04 23:39:31,0.1,0.0,1.0
2017-03-04 23:39:31,0.0,-0.0,0.9
2017-03-04 23:39:31,0.0,-0.0,0.9
2017-03-04 23:39:31,0.1,-0.0,1.0
2017-03-04 23:39:31,0.1,-0.0,1.0
2017-03-04 23:39:31,0.1,-0.0,1.0
2017-03-04 23:39:31,0.1,0.0,1.0
2017-03-04 23:39:31,0.1,-0.0,1.0
2017-03-04 23:39:31,0.1,-0.0,1.0
2017-03-04 23:39:31,0.1,-0.0,1.0
2017-03-04 23:45:26,0.1,0.0,1.0
2017-03-04 23:45:26,0.1,0.0,1.0
2017-03-04 23:45:26,0.1,0.0,1.0
2017-03-04 23:45:26,0.1,0.0,1.0
2017-03-04 23:45:26,0.1,0.0,1.0
2017-03-04 23:45:27,0.1,0.0,1.0
2017-03-04 23:45:27,0.1,0.0,1.0
2017-03-04 23:45:27,0.1,0.0,1.0
2017-03-04 23:45:27,0.1,0.0,0.9
2017-03-04 23:45:27,0.1,0.0,0.9
2017-03-04 23:45:27,0.1,0.0,1.0
2017-03-04 23:45:27,0.1,0.0,1.0
2017-03-04 23:45:27,0.1,0.0,1.0
2017-03-04 23:45:27,0.2,0.0,1.0
2017-03-04 23:45:27,0.1,-0.0,1.0
2017-03-04 23:45:28,0.1,0.0,1.0
2017-03-04 23:45:28,0.1,0.0,1.0
2017-03-04 23:45:28,0.1,0.0,0.9
2017-03-04 23:45:28,0.1,0.0,1.0
2017-03-04 23:45:28,0.1,0.0,1.0
2017-03-04 23:45:28,0.0,0.0,1.0
2017-03-04 23:45:28,0.1,0.0,1.0
2017-03-04 23:45:28,0.1,0.0,1.0
2017-03-04 23:45:28,0.1,0.0,0.9
2017-03-04 23:45:28,0.1,0.0,0.9
2017-03-04 23:45:29,0.1,0.0,0.9
2017-03-04 23:45:29,0.1,0.0,1.0
2017-03-04 23:45:29,0.1,0.0,1.0
2017-03-04 23:45:29,0.1,0.0,1.0
2017-03-04 23:45:29,0.1,-0.0,1.0
2017-03-04 23:45:29,0.1,0.0,1.0
2017-03-04 23:45:29,0.1,-0.0,0.9
2017-03-04 23:45:29,0.1,0.0,1.0
2017-03-04 23:45:29,0.1,0.0,1.0
2017-03-04 23:45:29,0.1,0.0,1.0
2017-03-04 23:45:30,0.1,0.0,1.0
2017-03-04 23:45:30,0.1,0.0,1.0
2017-03-04 23:45:30,0.1,-0.0,1.0
2017-03-04 23:45:30,0.1,-0.0,1.0
2017-03-04 23:45:30,0.0,0.0,1.0
2017-03-04 23:45:30,0.1,0.0,1.0
2017-03-04 23:45:30,0.1,0.0,1.0
2017-03-04 23:45:30,0.1,0.0,0.9
2017-03-04 23:45:30,0.1,0.0,0.9
2017-03-04 23:45:30,0.1,0.0,0.9
2017-03-04 23:45:31,0.1,0.0,0.9
2017-03-04 23:45:31,0.1,0.0,1.0
2017-03-04 23:45:31,0.0,0.0,1.0
2017-03-04 23:45:31,0.0,0.0,1.0
2017-03-04 23:45:31,0.0,0.0,1.0
2017-03-04 23:45:31,0.1,0.0,1.0
2017-03-04 23:45:31,0.1,-0.0,1.0
2017-03-04 23:45:31,0.1,0.0,1.0
2017-03-04 23:45:31,0.1,0.0,1.0
2017-03-04 23:45:31,0.1,0.0,1.0
2017-03-04 23:45:32,0.1,-0.0,1.0
2017-03-04 23:45:32,0.1,-0.0,1.0
2017-03-04 23:45:32,0.1,0.0,1.0
2017-03-04 23:45:32,0.1,0.0,1.0
2017-03-04 23:45:32,0.1,0.0,1.0
2017-03-04 23:45:32,0.1,0.0,0.9
2017-03-04 23:45:32,0.1,-0.0,0.9
2017-03-04 23:45:32,0.1,0.0,0.9
2017-03-04 23:45:32,0.1,0.0,1.0
2017-03-04 23:45:33,0.1,0.0,1.0
2017-03-04 23:45:33,0.0,-0.0,1.0
2017-03-04 23:45:33,0.1,0.0,1.0
2017-03-04 23:45:33,0.1,0.0,1.0
2017-03-04 23:45:33,0.1,0.0,1.0
2017-03-04 23:45:33,0.1,0.0,1.0
2017-03-04 23:45:33,0.1,0.0,1.0
2017-03-04 23:45:33,0.1,-0.0,1.0
2017-03-04 23:45:33,0.1,-0.0,1.0
2017-03-04 23:45:33,0.1,0.0,1.0
2017-03-04 23:45:33,0.1,0.0,1.0
2017-03-04 23:45:34,0.1,0.0,1.0
2017-03-04 23:45:34,0.1,0.0,1.0
2017-03-04 23:45:34,0.1,0.0,1.0
2017-03-04 23:45:34,0.1,0.0,1.0
2017-03-04 23:45:34,0.1,0.0,1.0
2017-03-04 23:45:34,0.0,0.0,1.0
2017-03-04 23:45:34,0.0,0.0,1.0
2017-03-04 23:45:34,0.1,0.0,1.0
2017-03-04 23:45:34,0.1,0.0,0.9
2017-03-04 23:45:34,0.1,0.0,0.9
2017-03-04 23:45:35,0.1,-0.0,0.9
2017-03-04 23:45:35,0.0,-0.0,1.0
2017-03-04 23:45:35,0.0,-0.0,1.0
2017-03-04 23:45:35,0.1,0.0,1.0
2017-03-04 23:45:35,0.1,0.0,1.0
2017-03-04 23:45:35,0.1,0.0,1.0
2017-03-04 23:45:35,0.0,0.0,1.0
2017-03-04 23:45:35,0.1,0.0,1.0
2017-03-04 23:45:35,0.1,0.0,0.9
2017-03-04 23:45:35,0.1,0.0,0.9
2017-03-04 23:45:36,0.1,0.0,0.9
2017-03-04 23:45:36,0.1,0.0,0.9
2017-03-04 23:45:36,0.1,0.0,1.0
2017-03-04 23:45:36,0.1,0.0,1.0
2017-03-04 23:45:36,0.1,0.0,0.9
2017-03-04 23:48:20,0.1,-0.0,0.9
2017-03-04 23:48:20,0.1,-0.0,0.9
2017-03-04 23:48:20,0.1,-0.0,0.9
2017-03-04 23:48:20,0.1,0.0,0.9
2017-03-04 23:48:20,0.1,0.0,0.9
2017-03-04 23:48:20,0.1,0.0,0.9
2017-03-04 23:48:21,0.1,0.0,0.9
2017-03-04 23:48:21,0.1,0.0,0.9
2017-03-04 23:48:21,0.1,0.0,1.0
2017-03-04 23:48:21,0.1,0.0,1.0
2017-03-04 23:48:21,0.1,0.0,1.0
2017-03-04 23:48:21,0.1,0.1,1.0
2017-03-04 23:48:21,0.1,0.1,1.0
2017-03-04 23:48:21,0.1,0.0,0.9
2017-03-04 23:48:21,0.1,0.0,0.9
2017-03-04 23:48:22,0.1,0.0,0.9
2017-03-04 23:48:22,0.1,0.0,1.0
2017-03-04 23:48:22,0.1,0.0,1.0
2017-03-04 23:48:22,0.1,0.0,1.0
2017-03-04 23:48:22,0.1,0.0,0.9
2017-03-04 23:48:22,0.1,0.0,1.0
2017-03-04 23:48:22,0.1,0.0,1.0
2017-03-04 23:48:22,0.1,-0.0,1.0
2017-03-04 23:48:22,0.1,-0.0,1.0
2017-03-04 23:48:22,0.1,0.0,1.0
2017-03-04 23:48:22,0.1,0.0,1.0
2017-03-04 23:48:23,0.1,0.0,0.9
2017-03-04 23:48:23,0.1,0.0,0.9
2017-03-04 23:48:23,0.1,0.0,0.9
2017-03-04 23:48:23,0.1,0.0,1.0
2017-03-04 23:48:23,0.1,0.0,1.0
2017-03-04 23:48:23,0.1,0.0,1.0
2017-03-04 23:48:23,0.1,0.0,1.0
2017-03-04 23:48:23,0.1,0.0,1.0
2017-03-04 23:48:23,0.1,0.0,1.0
2017-03-04 23:48:23,0.0,0.0,1.0
2017-03-04 23:48:24,0.0,0.0,1.0
2017-03-04 23:48:24,0.0,0.0,1.0
2017-03-04 23:48:24,0.1,0.0,1.0
2017-03-04 23:48:24,0.1,0.0,1.0
2017-03-04 23:48:24,0.1,0.0,1.0
2017-03-04 23:48:24,0.1,0.0,1.0
2017-03-04 23:48:24,0.1,0.0,1.0
2017-03-04 23:48:24,0.1,0.0,1.0
2017-03-04 23:48:24,0.1,0.0,0.9
2017-03-04 23:48:24,0.1,0.0,0.9
2017-03-04 23:48:25,0.1,0.0,0.9
2017-03-04 23:48:25,0.1,0.0,0.9
2017-03-04 23:48:25,0.1,0.0,1.0
2017-03-04 23:48:25,0.1,0.0,1.0
2017-03-04 23:48:25,0.1,0.0,1.0
2017-03-04 23:48:25,0.1,-0.0,1.0
2017-03-04 23:48:25,0.1,-0.0,1.0
2017-03-04 23:48:25,0.1,0.0,1.0
2017-03-04 23:48:25,0.1,0.0,0.9
2017-03-04 23:48:25,0.1,0.0,1.0
2017-03-04 23:48:26,0.1,0.0,1.0
2017-03-04 23:48:26,0.1,0.1,1.0
2017-03-04 23:48:26,0.1,0.0,1.0
2017-03-04 23:48:26,0.1,0.0,1.0
2017-03-04 23:48:26,0.1,-0.0,1.0
2017-03-04 23:48:26,0.1,-0.0,0.9
2017-03-04 23:48:26,0.0,-0.0,1.0
2017-03-04 23:48:26,0.0,-0.0,1.0
2017-03-04 23:48:26,0.0,-0.0,1.0
2017-03-04 23:48:26,0.1,0.0,1.0
2017-03-04 23:48:27,0.1,0.0,1.0
2017-03-04 23:48:27,0.1,0.0,1.0
2017-03-04 23:48:27,0.1,0.0,0.9
2017-03-04 23:48:27,0.1,0.0,0.9
2017-03-04 23:48:27,0.1,0.0,0.9
2017-03-04 23:48:27,0.1,0.0,1.0
2017-03-04 23:48:27,0.1,0.0,1.0
2017-03-04 23:48:27,0.1,0.0,1.0
2017-03-04 23:48:27,0.1,0.0,1.0
2017-03-04 23:48:27,0.1,0.0,1.0
2017-03-04 23:48:28,0.1,0.0,1.0
2017-03-04 23:48:28,0.1,0.0,1.0
2017-03-04 23:48:28,0.1,0.0,1.0
2017-03-04 23:48:28,0.1,0.1,1.0
2017-03-04 23:48:28,0.1,0.1,1.0
2017-03-04 23:48:28,0.1,0.0,1.0
2017-03-04 23:48:28,0.1,0.0,1.0
2017-03-04 23:48:28,0.1,0.0,1.0
2017-03-04 23:48:28,0.1,0.0,1.0
2017-03-04 23:48:28,0.1,0.0,1.0
2017-03-04 23:48:29,0.1,0.0,1.0
2017-03-04 23:48:29,0.1,0.0,1.0
2017-03-04 23:48:29,0.1,0.0,1.0
2017-03-04 23:48:29,0.1,0.0,1.0
2017-03-04 23:48:29,0.1,0.0,1.0
2017-03-04 23:48:29,0.1,0.0,1.0
2017-03-04 23:48:29,0.1,0.0,1.0
2017-03-04 23:48:29,0.1,0.1,1.0
2017-03-04 23:48:29,0.1,0.1,1.0
2017-03-04 23:48:29,0.1,0.0,1.0
2017-03-04 23:48:30,0.1,0.0,0.9
2017-03-04 23:48:30,0.1,0.0,0.9
2017-03-04 23:48:30,0.0,0.0,0.9
2017-03-04 23:48:30,0.1,0.0,1.0
2017-03-05 00:25:42,0.1,-0.0,1.0
2017-03-05 00:25:42,0.1,0.0,0.9
2017-03-05 00:25:42,0.1,0.0,1.0
2017-03-05 00:25:42,0.1,0.0,1.0
2017-03-05 00:25:43,0.1,0.0,1.0
2017-03-05 00:25:43,0.1,0.0,1.0
2017-03-05 00:25:43,0.1,0.0,1.0
2017-03-05 00:25:43,0.1,0.0,1.0
2017-03-05 00:25:43,0.1,0.0,1.0
2017-03-05 00:25:43,0.1,0.0,1.0
2017-03-05 00:25:43,0.1,0.0,1.0
2017-03-05 00:25:43,0.1,0.0,1.0
2017-03-05 00:25:43,0.1,0.0,1.0
2017-03-05 00:25:43,0.1,0.0,1.0
2017-03-05 00:25:43,0.1,0.0,1.0
2017-03-05 00:25:44,0.1,0.0,1.0
2017-03-05 00:25:44,0.1,0.1,1.0
2017-03-05 00:25:44,0.0,0.1,1.0
2017-03-05 00:25:44,0.1,0.0,1.0
2017-03-05 00:25:44,0.1,0.0,1.0
2017-03-05 00:25:44,0.1,0.0,1.0
2017-03-05 00:25:44,0.1,0.0,1.0
2017-03-05 00:25:44,0.1,0.0,1.0
2017-03-05 00:25:44,0.1,0.0,1.0
2017-03-05 00:25:45,0.1,0.0,1.0
2017-03-05 00:25:45,0.1,0.0,1.0
2017-03-05 00:25:45,0.1,0.0,1.0
2017-03-05 00:25:45,0.1,0.0,1.0
2017-03-05 00:25:45,0.1,0.0,1.0
2017-03-05 00:25:45,0.1,0.0,0.9
2017-03-05 00:25:45,0.1,0.0,1.0
2017-03-05 00:25:45,0.1,0.0,1.0
2017-03-05 00:25:45,0.1,0.0,1.0
2017-03-05 00:25:45,0.1,0.0,1.0
2017-03-05 00:25:45,0.1,0.0,1.0
2017-03-05 00:25:46,0.1,0.0,1.0
2017-03-05 00:25:46,0.1,0.0,1.0
2017-03-05 00:25:46,0.1,0.0,1.0
2017-03-05 00:25:46,0.1,0.0,1.0
2017-03-05 00:25:46,0.1,0.0,1.0
2017-03-05 00:25:46,0.1,0.0,1.0
2017-03-05 00:25:46,0.1,0.0,1.0
2017-03-05 00:25:46,0.1,0.0,1.0
2017-03-05 00:25:46,0.1,0.0,1.0
2017-03-05 00:25:46,0.1,0.0,1.0
2017-03-05 00:25:47,0.1,0.0,1.0
2017-03-05 00:25:47,0.1,0.0,1.0
2017-03-05 00:25:47,0.1,0.0,1.0
2017-03-05 00:25:47,0.1,0.0,1.0
2017-03-05 00:25:47,0.1,0.0,1.0
2017-03-05 00:25:47,0.1,0.1,1.0
2017-03-05 00:25:47,0.1,0.1,1.0
2017-03-05 00:25:47,0.1,0.0,1.0
2017-03-05 00:25:47,0.1,0.0,1.0
2017-03-05 00:25:48,0.1,0.0,1.0
2017-03-05 00:25:48,0.1,0.0,1.0
2017-03-05 00:25:48,0.1,0.0,1.0
2017-03-05 00:25:48,0.1,0.0,1.0
2017-03-05 00:25:48,0.1,0.0,1.0
2017-03-05 00:25:48,0.1,0.0,1.0
2017-03-05 00:25:48,0.1,0.0,1.0
2017-03-05 00:25:48,0.1,0.0,1.0
2017-03-05 00:25:48,0.1,0.0,1.0
2017-03-05 00:25:48,0.1,0.1,1.0
2017-03-05 00:25:49,0.1,0.0,1.0
2017-03-05 00:25:49,0.1,0.0,1.0
2017-03-05 00:25:49,0.1,0.0,1.0
2017-03-05 00:25:49,0.1,0.0,1.0
2017-03-05 00:25:49,0.1,0.0,1.0
2017-03-05 00:25:49,0.1,0.0,1.0
2017-03-05 00:25:49,0.1,0.0,1.0
2017-03-05 00:25:49,0.1,0.0,1.0
2017-03-05 00:25:49,0.1,0.0,1.0
2017-03-05 00:25:49,0.1,0.0,1.0
2017-03-05 00:25:49,0.1,0.0,1.0
2017-03-05 00:25:50,0.1,0.0,1.0
2017-03-05 00:25:50,0.1,0.0,1.0
2017-03-05 00:25:50,0.1,0.0,1.0
2017-03-05 00:25:50,0.1,0.0,1.0
2017-03-05 00:25:50,0.1,0.0,1.0
2017-03-05 00:25:50,0.1,0.0,1.0
2017-03-05 00:25:50,0.1,0.0,1.0
2017-03-05 00:25:50,0.1,0.0,1.0
2017-03-05 00:25:50,0.1,0.0,1.0
2017-03-05 00:25:51,0.1,0.0,1.0
2017-03-05 00:25:51,0.1,0.0,1.0
2017-03-05 00:25:51,0.1,0.0,0.9
2017-03-05 00:25:51,0.1,0.0,1.0
2017-03-05 00:25:51,0.1,0.0,1.0
2017-03-05 00:25:51,0.1,0.0,1.0
2017-03-05 00:25:51,0.1,0.0,1.0
2017-03-05 00:25:51,0.1,0.0,1.0
2017-03-05 00:25:51,0.1,0.0,1.0
2017-03-05 00:25:51,0.1,0.0,1.0
2017-03-05 00:25:52,0.1,0.0,1.0
2017-03-05 00:25:52,0.1,0.0,1.0
2017-03-05 00:25:52,0.1,0.0,1.0
2017-03-05 00:25:52,0.1,0.0,1.0
2017-03-05 00:25:52,0.1,0.0,1.0
2017-03-05 00:25:52,0.1,0.0,1.0
2017-03-05 02:44:23,0.1,0.0,1.0
2017-03-05 02:44:23,0.2,0.0,1.0
2017-03-05 02:44:23,0.2,0.0,1.0
2017-03-05 02:44:23,0.1,-0.0,0.9
2017-03-05 02:44:23,0.0,-0.0,1.0
2017-03-05 02:44:23,0.1,-0.0,0.9
2017-03-05 02:44:23,0.1,0.0,1.0
2017-03-05 02:44:23,0.1,0.0,1.0
2017-03-05 02:44:24,0.1,0.0,1.0
2017-03-05 02:44:24,0.1,0.0,1.0
2017-03-05 02:44:24,0.1,0.0,1.0
2017-03-05 02:44:24,0.1,0.0,1.0
2017-03-05 02:44:24,0.1,-0.0,1.0
2017-03-05 02:44:24,0.1,0.0,1.0
2017-03-05 02:44:24,0.1,0.0,1.0
2017-03-05 02:44:24,0.1,0.0,1.0
2017-03-05 02:44:24,0.1,0.0,1.0
2017-03-05 02:44:24,0.1,0.0,1.0
2017-03-05 02:44:24,0.1,0.0,1.0
2017-03-05 02:44:25,0.1,0.0,0.9
2017-03-05 02:44:25,0.1,0.0,0.9
2017-03-05 02:44:25,0.1,0.0,1.0
2017-03-05 02:44:25,0.1,0.0,1.0
2017-03-05 02:44:25,0.1,-0.0,1.0
2017-03-05 02:44:25,0.1,0.0,1.0
2017-03-05 02:44:25,0.1,0.0,1.0
2017-03-05 02:44:25,0.1,0.0,1.0
2017-03-05 02:44:25,0.1,0.0,1.0
2017-03-05 02:44:25,0.1,0.0,1.0
2017-03-05 02:44:26,0.1,0.0,1.0
2017-03-05 02:44:26,0.1,0.0,1.0
2017-03-05 02:44:26,0.1,0.0,1.0
2017-03-05 02:44:26,0.1,0.0,1.0
2017-03-05 02:44:26,0.1,0.0,1.0
2017-03-05 02:44:26,0.1,0.0,1.0
2017-03-05 02:44:26,0.1,0.0,1.0
2017-03-05 02:44:26,0.1,0.0,1.0
2017-03-05 02:44:26,0.1,0.0,1.0
2017-03-05 02:44:27,0.1,0.0,1.0
2017-03-05 02:44:27,0.1,0.0,1.0
2017-03-05 02:44:27,0.1,0.0,1.0
2017-03-05 02:44:27,0.1,0.0,1.0
2017-03-05 02:44:27,0.1,0.0,1.0
2017-03-05 02:44:27,0.1,0.0,1.0
2017-03-05 02:44:27,0.1,0.0,0.9
2017-03-05 02:44:27,0.1,0.0,1.0
2017-03-05 02:44:27,0.1,0.0,1.0
2017-03-05 02:44:27,0.1,0.0,1.0
2017-03-05 02:44:27,0.1,0.1,1.0
2017-03-05 02:44:28,0.1,0.0,1.0
2017-03-05 02:44:28,0.1,0.0,1.0
2017-03-05 02:44:28,0.1,0.0,1.0
2017-03-05 02:44:28,0.1,0.0,1.0
2017-03-05 02:44:28,0.1,0.0,1.0
2017-03-05 02:44:28,0.1,-0.0,1.0
2017-03-05 02:44:28,0.1,-0.0,0.9
2017-03-05 02:44:28,0.1,-0.0,0.9
2017-03-05 02:44:28,0.1,0.1,1.0
2017-03-05 02:44:29,0.1,0.0,1.0
2017-03-05 02:44:29,0.1,0.1,1.0
2017-03-05 02:44:29,0.1,0.0,1.0
2017-03-05 02:44:29,0.1,0.0,1.0
2017-03-05 02:44:29,0.1,0.0,1.0
2017-03-05 02:44:29,0.1,0.0,1.0
2017-03-05 02:44:29,0.1,0.1,0.9
2017-03-05 02:44:29,0.1,0.1,1.0
2017-03-05 02:44:29,0.1,0.1,1.0
2017-03-05 02:44:29,0.1,0.1,1.0
2017-03-05 02:44:29,0.1,0.0,1.0
2017-03-05 02:44:30,0.1,0.0,1.0
2017-03-05 02:44:30,0.1,0.0,1.0
2017-03-05 02:44:30,0.1,0.0,1.0
2017-03-05 02:44:30,0.1,-0.0,1.0
2017-03-05 02:44:30,0.1,-0.0,1.0
2017-03-05 02:44:30,0.1,0.0,1.0
2017-03-05 02:44:30,0.1,0.0,1.0
2017-03-05 02:44:30,0.1,0.0,1.0
2017-03-05 02:44:30,0.1,0.0,1.0
2017-03-05 02:44:30,0.1,0.0,1.0
2017-03-05 02:44:31,0.1,0.0,1.0
2017-03-05 02:44:31,0.1,0.0,1.0
2017-03-05 02:44:31,0.1,0.0,1.0
2017-03-05 02:44:31,0.1,0.0,1.0
2017-03-05 02:44:31,0.1,0.1,1.0
2017-03-05 02:44:31,0.1,0.0,1.0
2017-03-05 02:44:31,0.1,0.0,1.0
2017-03-05 02:44:31,0.1,0.0,1.0
2017-03-05 02:44:31,0.1,0.0,1.0
2017-03-05 02:44:31,0.1,0.0,1.0
2017-03-05 02:44:32,0.1,0.1,1.0
2017-03-05 02:44:32,0.1,0.1,1.0
2017-03-05 02:44:32,0.1,0.1,1.0
2017-03-05 02:44:32,0.1,0.0,1.0
2017-03-05 02:44:32,0.1,0.0,1.0
2017-03-05 02:44:32,0.1,0.0,1.0
2017-03-05 02:44:32,0.1,0.0,1.0
2017-03-05 02:44:32,0.1,0.0,1.0
2017-03-05 02:44:32,0.1,0.0,1.0
2017-03-05 02:44:32,0.1,0.0,1.0
2017-03-05 02:44:33,0.1,0.0,1.0
2017-03-05 04:05:44,0.1,0.0,1.0
2017-03-05 04:05:44,0.1,0.0,1.0
2017-03-05 04:05:44,0.1,0.0,1.0
2017-03-05 04:05:44,0.1,0.1,1.0
2017-03-05 04:05:44,0.1,0.0,1.0
2017-03-05 04:05:45,0.1,0.0,1.0
2017-03-05 04:05:45,0.1,0.0,1.0
2017-03-05 04:05:45,0.1,0.0,1.0
2017-03-05 04:05:45,0.1,0.0,1.0
2017-03-05 04:05:45,0.1,0.0,1.0
2017-03-05 04:05:45,0.1,0.0,1.0
2017-03-05 04:05:45,0.1,0.0,1.0
2017-03-05 04:05:45,0.1,0.0,1.0
2017-03-05 04:05:45,0.1,0.1,1.0
2017-03-05 04:05:46,0.1,0.0,1.0
2017-03-05 04:05:46,0.1,0.0,1.0
2017-03-05 04:05:46,0.1,0.0,1.0
2017-03-05 04:05:46,0.1,0.0,1.0
2017-03-05 04:05:46,0.1,0.0,1.0
2017-03-05 04:05:46,0.1,0.0,1.0
2017-03-05 04:05:46,0.1,0.0,1.0
2017-03-05 04:05:46,0.1,0.0,1.0
2017-03-05 04:05:46,0.1,0.0,1.0
2017-03-05 04:05:46,0.1,0.0,1.0
2017-03-05 04:05:47,0.1,0.0,1.0
2017-03-05 04:05:47,0.1,0.0,1.0
2017-03-05 04:05:47,0.1,0.0,1.0
2017-03-05 04:05:47,0.1,0.0,1.0
2017-03-05 04:05:47,0.1,0.0,1.0
2017-03-05 04:05:47,0.1,0.0,1.0
2017-03-05 04:05:47,0.1,0.1,1.0
2017-03-05 04:05:47,0.1,0.1,1.0
2017-03-05 04:05:47,0.1,0.1,1.0
2017-03-05 04:05:47,0.1,0.0,1.0
2017-03-05 04:05:47,0.1,0.0,1.0
2017-03-05 04:05:48,0.1,0.0,1.0
2017-03-05 04:05:48,0.1,0.0,1.0
2017-03-05 04:05:48,0.1,0.0,1.0
2017-03-05 04:05:48,0.1,0.0,1.0
2017-03-05 04:05:48,0.1,0.0,1.0
2017-03-05 04:05:48,0.1,0.0,1.0
2017-03-05 04:05:48,0.1,0.0,1.0
2017-03-05 04:05:48,0.1,0.0,1.0
2017-03-05 04:05:48,0.1,0.0,1.0
2017-03-05 04:05:49,0.1,0.0,1.0
2017-03-05 04:05:49,0.1,0.0,1.0
2017-03-05 04:05:49,0.1,0.0,1.0
2017-03-05 04:05:49,0.1,0.0,1.0
2017-03-05 04:05:49,0.1,0.0,1.0
2017-03-05 04:05:49,0.1,0.0,1.0
2017-03-05 04:05:49,0.1,0.0,1.0
2017-03-05 04:05:49,0.1,0.0,1.0
2017-03-05 04:05:49,0.1,0.0,1.0
2017-03-05 04:05:49,0.1,0.0,1.0
2017-03-05 04:05:50,0.1,0.0,1.0
2017-03-05 04:05:50,0.1,0.0,1.0
2017-03-05 04:05:50,0.1,0.0,1.0
2017-03-05 04:05:50,0.1,0.0,1.0
2017-03-05 04:05:50,0.1,0.0,1.0
2017-03-05 04:05:50,0.1,0.0,1.0
2017-03-05 04:05:50,0.1,0.1,1.0
2017-03-05 04:05:50,0.1,0.0,1.0
2017-03-05 04:05:50,0.1,0.0,1.0
2017-03-05 04:05:50,0.1,0.0,1.0
2017-03-05 04:05:50,0.1,0.0,1.0
2017-03-05 04:05:51,0.1,0.0,1.0
2017-03-05 04:05:51,0.1,0.0,1.0
2017-03-05 04:05:51,0.1,0.0,1.0
2017-03-05 04:05:51,0.1,0.0,1.0
2017-03-05 04:05:51,0.1,0.0,1.0
2017-03-05 04:05:51,0.1,0.0,1.0
2017-03-05 04:05:51,0.1,0.0,1.0
2017-03-05 04:05:51,0.1,0.1,1.0
2017-03-05 04:05:51,0.1,0.0,1.0
2017-03-05 04:05:52,0.1,0.0,1.0
2017-03-05 04:05:52,0.1,0.0,1.0
2017-03-05 04:05:52,0.1,0.0,1.0
2017-03-05 04:05:52,0.0,0.0,1.0
2017-03-05 04:05:52,0.1,0.0,1.0
2017-03-05 04:05:52,0.1,0.0,1.0
2017-03-05 04:05:52,0.1,0.1,1.0
2017-03-05 04:05:52,0.1,0.0,1.0
2017-03-05 04:05:52,0.1,0.0,1.0
2017-03-05 04:05:52,0.1,0.0,1.0
2017-03-05 04:05:53,0.1,0.0,1.0
2017-03-05 04:05:53,0.1,0.0,1.0
2017-03-05 04:05:53,0.1,0.0,1.0
2017-03-05 04:05:53,0.1,0.0,1.0
2017-03-05 04:05:53,0.1,0.0,1.0
2017-03-05 04:05:53,0.1,0.0,1.0
2017-03-05 04:05:53,0.1,0.0,1.0
2017-03-05 04:05:53,0.1,0.0,1.0
2017-03-05 04:05:53,0.1,0.0,1.0
2017-03-05 04:05:53,0.1,0.0,1.0
2017-03-05 04:05:53,0.1,0.0,1.0
2017-03-05 04:05:54,0.1,0.0,1.0
2017-03-05 04:05:54,0.1,0.0,1.0
2017-03-05 04:05:54,0.1,0.0,1.0
2017-03-05 04:05:54,0.1,0.0,1.0
2017-03-05 04:05:54,0.1,0.0,1.0
2017-03-05 04:14:53,0.1,0.0,1.0
2017-03-05 04:14:53,0.1,0.0,1.0
2017-03-05 04:14:53,0.1,0.0,1.0
2017-03-05 04:14:54,0.1,0.0,1.0
2017-03-05 04:14:54,0.1,0.1,1.0
2017-03-05 04:14:54,0.2,0.1,0.9
2017-03-05 04:14:54,0.2,0.1,0.9
2017-03-05 04:14:54,0.2,0.1,0.9
2017-03-05 04:14:54,0.2,0.1,1.0
2017-03-05 04:14:54,0.2,0.1,1.0
2017-03-05 04:14:54,0.2,0.0,1.0
2017-03-05 04:14:54,0.2,0.0,1.0
2017-03-05 04:14:54,0.1,0.0,1.0
2017-03-05 04:14:55,0.1,0.0,1.0
2017-03-05 04:14:55,0.1,0.0,1.0
2017-03-05 04:14:55,0.1,0.0,1.0
2017-03-05 04:14:55,0.1,0.0,1.0
2017-03-05 04:14:55,0.1,0.1,1.0
2017-03-05 04:14:55,0.1,0.1,1.0
2017-03-05 04:14:55,0.1,0.1,1.0
2017-03-05 04:14:55,0.1,0.0,1.0
2017-03-05 04:14:55,0.1,0.1,1.0
2017-03-05 04:14:55,0.1,0.0,1.0
2017-03-05 04:14:56,0.1,0.0,1.0
2017-03-05 04:14:56,0.1,0.0,0.9
2017-03-05 04:14:56,0.1,0.0,1.0
2017-03-05 04:14:56,0.1,0.0,1.0
2017-03-05 04:14:56,0.2,0.0,1.0
2017-03-05 04:14:56,0.2,0.0,1.0
2017-03-05 04:14:56,0.1,0.1,1.0
2017-03-05 04:14:56,0.1,0.0,1.0
2017-03-05 04:14:56,0.1,0.0,1.0
2017-03-05 04:14:56,0.1,0.0,1.0
2017-03-05 04:14:57,0.1,0.0,1.0
2017-03-05 04:14:57,0.1,0.0,1.0
2017-03-05 04:14:57,0.1,0.0,1.0
2017-03-05 04:14:57,0.1,0.0,1.0
2017-03-05 04:14:57,0.1,-0.0,1.0
2017-03-05 04:14:57,0.1,0.0,1.0
2017-03-05 04:14:57,0.1,0.0,1.0
2017-03-05 04:14:57,0.1,0.0,1.0
2017-03-05 04:14:57,0.1,0.0,1.0
2017-03-05 04:14:57,0.1,0.0,1.0
2017-03-05 04:14:57,0.1,0.0,1.0
2017-03-05 04:14:58,0.1,0.0,0.9
2017-03-05 04:14:58,0.1,0.0,1.0
2017-03-05 04:14:58,0.1,0.0,0.9
2017-03-05 04:14:58,0.1,0.0,0.9
2017-03-05 04:14:58,0.1,0.1,0.9
2017-03-05 04:14:58,0.1,0.1,1.0
2017-03-05 04:14:58,0.1,0.0,1.0
2017-03-05 04:14:58,0.2,0.0,1.0
2017-03-05 04:14:58,0.2,0.0,1.0
2017-03-05 04:14:59,0.2,0.1,1.0
2017-03-05 04:14:59,0.2,0.1,1.0
2017-03-05 04:14:59,0.2,0.1,1.0
2017-03-05 04:14:59,0.1,0.1,1.0
2017-03-05 04:14:59,0.2,0.1,1.0
2017-03-05 04:14:59,0.2,0.1,1.0
2017-03-05 04:14:59,0.2,0.0,1.0
2017-03-05 04:14:59,0.2,0.0,0.9
2017-03-05 04:14:59,0.2,0.1,1.0
2017-03-05 04:14:59,0.2,0.0,1.0
2017-03-05 04:15:00,0.2,0.0,1.0
2017-03-05 04:15:00,0.2,0.0,1.0
2017-03-05 04:15:00,0.2,0.0,1.0
2017-03-05 04:15:00,0.2,0.1,1.0
2017-03-05 04:15:00,0.2,0.1,1.0
2017-03-05 04:15:00,0.2,0.1,1.0
2017-03-05 04:15:00,0.2,0.1,1.0
2017-03-05 04:15:00,0.2,0.1,1.0
2017-03-05 04:15:00,0.2,0.1,1.0
2017-03-05 04:15:00,0.2,0.1,0.9
2017-03-05 04:15:01,0.2,0.1,0.9
2017-03-05 04:15:01,0.2,0.1,0.9
2017-03-05 04:15:01,0.2,0.1,1.0
2017-03-05 04:15:01,0.2,0.1,1.0
2017-03-05 04:15:01,0.2,0.1,1.0
2017-03-05 04:15:01,0.2,0.1,1.0
2017-03-05 04:15:01,0.2,0.1,1.0
2017-03-05 04:15:01,0.2,0.1,1.0
2017-03-05 04:15:01,0.2,0.1,0.9
2017-03-05 04:15:01,0.2,0.1,1.0
2017-03-05 04:15:02,0.2,0.1,1.0
2017-03-05 04:15:02,0.2,0.1,1.0
2017-03-05 04:15:02,0.2,0.1,1.0
2017-03-05 04:15:02,0.2,0.0,1.0
2017-03-05 04:15:02,0.2,0.0,1.0
2017-03-05 04:15:02,0.2,0.0,1.0
2017-03-05 04:15:02,0.2,0.1,1.0
2017-03-05 04:15:02,0.2,0.1,1.0
2017-03-05 04:15:02,0.2,0.1,1.0
2017-03-05 04:15:02,0.2,0.1,1.0
2017-03-05 04:15:03,0.2,0.1,1.0
2017-03-05 04:15:03,0.2,0.1,1.0
2017-03-05 04:15:03,0.2,0.1,1.0
2017-03-05 04:15:03,0.2,0.1,1.0
2017-03-05 04:15:03,0.2,0.1,1.0
2017-03-05 04:15:03,0.2,0.1,1.0
2017-03-05 04:15:03,0.2,0.1,1.0
2017-03-05 04:26:32,0.2,0.1,1.0
2017-03-05 04:26:32,0.2,0.1,1.0
2017-03-05 04:26:32,0.2,0.1,1.0
2017-03-05 04:26:33,0.3,0.2,0.9
2017-03-05 04:26:33,0.3,0.2,0.9
2017-03-05 04:26:33,0.3,0.2,0.9
2017-03-05 04:26:33,0.3,0.1,0.9
2017-03-05 04:26:33,0.3,0.1,0.9
2017-03-05 04:26:33,0.3,0.2,0.9
2017-03-05 04:26:33,0.3,0.2,0.9
2017-03-05 04:26:33,0.3,0.2,0.9
2017-03-05 04:26:33,0.3,0.2,0.9
2017-03-05 04:26:34,0.3,0.2,0.9
2017-03-05 04:26:34,0.3,0.2,0.9
2017-03-05 04:26:34,0.4,0.2,0.9
2017-03-05 04:26:34,0.3,0.2,0.9
2017-03-05 04:26:34,0.3,0.2,0.9
2017-03-05 04:26:34,0.3,0.2,0.9
2017-03-05 04:26:34,0.3,0.2,0.9
2017-03-05 04:26:34,0.3,0.2,0.9
2017-03-05 04:26:34,0.3,0.2,0.9
2017-03-05 04:26:34,0.3,0.2,0.9
2017-03-05 04:26:35,0.3,0.2,0.9
2017-03-05 04:26:35,0.3,0.2,0.9
2017-03-05 04:26:35,0.3,0.1,0.9
2017-03-05 04:26:35,0.3,0.2,0.9
2017-03-05 04:26:35,0.3,0.2,0.9
2017-03-05 04:26:35,0.3,0.2,0.9
2017-03-05 04:26:35,0.3,0.2,0.9
2017-03-05 04:26:35,0.3,0.2,0.9
2017-03-05 04:26:35,0.3,0.2,0.9
2017-03-05 04:26:35,0.3,0.2,0.9
2017-03-05 04:26:35,0.3,0.2,0.9
2017-03-05 04:26:36,0.3,0.2,0.9
2017-03-05 04:26:36,0.3,0.2,0.9
2017-03-05 04:26:36,0.3,0.2,0.9
2017-03-05 04:26:36,0.3,0.2,0.9
2017-03-05 04:26:36,0.3,0.2,0.9
2017-03-05 04:26:36,0.3,0.2,0.9
2017-03-05 04:26:36,0.4,0.2,0.9
2017-03-05 04:26:36,0.4,0.2,0.9
2017-03-05 04:26:36,0.4,0.2,0.9
2017-03-05 04:26:36,0.3,0.1,0.9
2017-03-05 04:26:37,0.3,0.1,0.9
2017-03-05 04:26:37,0.3,0.1,0.9
2017-03-05 04:26:37,0.4,0.2,0.9
2017-03-05 04:26:37,0.3,0.2,0.9
2017-03-05 04:26:37,0.3,0.2,0.9
2017-03-05 04:26:37,0.3,0.1,0.9
2017-03-05 04:26:37,0.3,0.2,0.9
2017-03-05 04:26:37,0.3,0.1,0.9
2017-03-05 04:26:37,0.3,0.2,0.9
2017-03-05 04:26:38,0.3,0.1,0.9
2017-03-05 04:26:38,0.3,0.2,0.9
2017-03-05 04:26:38,0.3,0.2,0.9
2017-03-05 04:26:38,0.3,0.2,0.9
2017-03-05 04:26:38,0.3,0.2,0.9
2017-03-05 04:26:38,0.3,0.2,0.9
2017-03-05 04:26:38,0.4,0.2,0.9
2017-03-05 04:26:38,0.3,0.2,0.9
2017-03-05 04:26:38,0.3,0.2,0.9
2017-03-05 04:26:38,0.3,0.1,0.9
2017-03-05 04:26:38,0.3,0.2,0.9
2017-03-05 04:26:39,0.4,0.2,0.9
2017-03-05 04:26:39,0.4,0.2,0.9
2017-03-05 04:26:39,0.4,0.2,0.9
2017-03-05 04:26:39,0.4,0.2,0.9
2017-03-05 04:26:39,0.3,0.2,0.9
2017-03-05 04:26:39,0.4,0.2,0.9
2017-03-05 04:26:39,0.4,0.1,0.9
2017-03-05 04:26:39,0.4,0.1,0.9
2017-03-05 04:26:39,0.4,0.1,0.9
2017-03-05 04:26:39,0.3,0.2,0.9
2017-03-05 04:26:40,0.3,0.2,0.9
2017-03-05 04:26:40,0.3,0.1,0.9
2017-03-05 04:26:40,0.3,0.1,0.9
2017-03-05 04:26:40,0.3,0.1,0.9
2017-03-05 04:26:40,0.4,0.2,0.9
2017-03-05 04:26:40,0.4,0.2,0.9
2017-03-05 04:26:40,0.3,0.2,0.9
2017-03-05 04:26:40,0.3,0.2,0.9
2017-03-05 04:26:40,0.3,0.2,0.9
2017-03-05 04:26:41,0.4,0.2,0.9
2017-03-05 04:26:41,0.4,0.2,0.9
2017-03-05 04:26:41,0.4,0.2,0.9
2017-03-05 04:26:41,0.4,0.1,0.9
2017-03-05 04:26:41,0.4,0.1,0.9
2017-03-05 04:26:41,0.4,0.1,0.9
2017-03-05 04:26:41,0.4,0.1,0.9
2017-03-05 04:26:41,0.4,0.1,0.9
2017-03-05 04:26:41,0.4,0.1,0.9
2017-03-05 04:26:41,0.4,0.2,0.9
2017-03-05 04:26:42,0.4,0.2,0.9
2017-03-05 04:26:42,0.4,0.2,0.9
2017-03-05 04:26:42,0.4,0.2,0.9
2017-03-05 04:26:42,0.4,0.1,0.9
2017-03-05 04:26:42,0.4,0.1,0.9
2017-03-05 04:26:42,0.4,0.1,0.9
2017-03-05 04:26:42,0.4,0.1,0.9
2017-03-05 04:26:42,0.3,0.1,0.9
2017-03-05 04:28:38,0.3,0.1,0.9
2017-03-05 04:28:38,0.3,0.1,0.9
2017-03-05 04:28:38,0.2,0.1,0.9
2017-03-05 04:28:38,0.2,0.0,0.9
2017-03-05 04:28:38,0.2,0.0,1.0
2017-03-05 04:28:38,0.2,0.0,1.0
2017-03-05 04:28:39,0.2,0.0,1.0
2017-03-05 04:28:39,0.2,0.0,1.0
2017-03-05 04:28:39,0.1,0.1,0.9
2017-03-05 04:28:39,0.1,0.0,0.9
2017-03-05 04:28:39,0.1,0.0,0.9
2017-03-05 04:28:39,0.1,0.0,1.0
2017-03-05 04:28:39,0.2,0.0,1.0
2017-03-05 04:28:39,0.2,0.1,1.0
2017-03-05 04:28:39,0.2,0.0,1.0
2017-03-05 04:28:39,0.2,0.0,0.9
2017-03-05 04:28:39,0.2,0.0,0.9
2017-03-05 04:28:40,0.2,0.0,0.9
2017-03-05 04:28:40,0.2,0.0,0.9
2017-03-05 04:28:40,0.2,0.0,0.9
2017-03-05 04:28:40,0.1,0.0,1.0
2017-03-05 04:28:40,0.1,0.0,1.0
2017-03-05 04:28:40,0.1,0.0,1.0
2017-03-05 04:28:40,0.1,0.0,1.0
2017-03-05 04:28:40,0.2,0.0,1.0
2017-03-05 04:28:40,0.2,0.1,0.9
2017-03-05 04:28:41,0.2,0.1,1.0
2017-03-05 04:28:41,0.2,0.1,1.0
2017-03-05 04:28:41,0.2,0.0,1.0
2017-03-05 04:28:41,0.2,0.0,0.9
2017-03-05 04:28:41,0.2,0.0,0.9
2017-03-05 04:28:41,0.2,0.0,0.9
2017-03-05 04:28:41,0.2,0.0,1.0
2017-03-05 04:28:41,0.2,0.0,1.0
2017-03-05 04:28:41,0.2,0.0,1.0
2017-03-05 04:28:41,0.2,0.0,0.9
2017-03-05 04:28:42,0.1,0.0,1.0
2017-03-05 04:28:42,0.1,0.0,1.0
2017-03-05 04:28:42,0.1,0.0,1.0
2017-03-05 04:28:42,0.1,0.0,1.0
2017-03-05 04:28:42,0.1,0.0,1.0
2017-03-05 04:28:42,0.2,0.0,1.0
2017-03-05 04:28:42,0.1,0.0,1.0
2017-03-05 04:28:42,0.1,0.0,1.0
2017-03-05 04:28:42,0.1,0.0,1.0
2017-03-05 04:28:42,0.1,0.0,1.0
2017-03-05 04:28:42,0.1,0.0,1.0
2017-03-05 04:28:43,0.1,0.0,1.0
2017-03-05 04:28:43,0.2,0.1,1.0
2017-03-05 04:28:43,0.2,0.1,1.0
2017-03-05 04:28:43,0.1,0.1,1.0
2017-03-05 04:28:43,0.1,0.0,0.9
2017-03-05 04:28:43,0.2,0.0,0.9
2017-03-05 04:28:43,0.2,0.0,1.0
2017-03-05 04:28:43,0.2,0.0,1.0
2017-03-05 04:28:43,0.2,0.0,1.0
2017-03-05 04:28:44,0.2,0.0,0.9
2017-03-05 04:28:44,0.1,-0.0,1.0
2017-03-05 04:28:44,0.1,0.0,1.0
2017-03-05 04:28:44,0.1,0.0,1.0
2017-03-05 04:28:44,0.2,0.1,1.0
2017-03-05 04:28:44,0.2,0.0,0.9
2017-03-05 04:28:44,0.1,0.1,1.0
2017-03-05 04:28:44,0.2,0.1,1.0
2017-03-05 04:28:44,0.1,0.1,0.9
2017-03-05 04:28:44,0.2,0.1,0.9
2017-03-05 04:28:44,0.2,0.1,0.9
2017-03-05 04:28:45,0.2,0.1,1.0
2017-03-05 04:28:45,0.2,0.0,1.0
2017-03-05 04:28:45,0.2,0.0,1.0
2017-03-05 04:28:45,0.2,-0.0,1.0
2017-03-05 04:28:45,0.1,-0.0,1.0
2017-03-05 04:28:45,0.1,0.0,1.0
2017-03-05 04:28:45,0.1,0.0,1.0
2017-03-05 04:28:45,0.1,0.0,0.9
2017-03-05 04:28:45,0.1,0.0,1.0
2017-03-05 04:28:45,0.1,0.0,1.0
2017-03-05 04:28:46,0.2,0.0,1.0
2017-03-05 04:28:46,0.2,0.0,1.0
2017-03-05 04:28:46,0.2,0.0,1.0
2017-03-05 04:28:46,0.2,0.0,1.0
2017-03-05 04:28:46,0.1,0.0,1.0
2017-03-05 04:28:46,0.1,0.0,1.0
2017-03-05 04:28:46,0.1,0.0,1.0
2017-03-05 04:28:46,0.1,0.0,1.0
2017-03-05 04:28:46,0.1,0.0,0.9
2017-03-05 04:28:47,0.1,0.0,1.0
2017-03-05 04:28:47,0.1,0.0,1.0
2017-03-05 04:28:47,0.1,0.0,1.0
2017-03-05 04:28:47,0.1,0.0,1.0
2017-03-05 04:28:47,0.1,0.0,0.9
2017-03-05 04:28:47,0.1,0.1,1.0
2017-03-05 04:28:47,0.2,0.0,1.0
2017-03-05 04:28:47,0.1,0.0,1.0
2017-03-05 04:28:47,0.2,0.0,1.0
2017-03-05 04:28:47,0.1,0.0,1.0
2017-03-05 04:28:48,0.2,0.0,1.0
2017-03-05 04:28:48,0.1,0.0,1.0
2017-03-05 04:28:48,0.1,0.0,1.0
2017-03-05 04:28:48,0.1,0.0,1.0
2017-03-05 04:33:17,0.1,0.0,0.9
2017-03-05 04:33:17,0.1,0.0,1.0
2017-03-05 04:33:17,0.1,0.0,1.0
2017-03-05 04:33:17,0.1,-0.0,1.0
2017-03-05 04:33:17,0.1,-0.0,1.0
2017-03-05 04:33:17,0.1,-0.1,1.0
2017-03-05 04:33:17,0.1,-0.1,1.0
2017-03-05 04:33:18,0.1,-0.0,1.0
2017-03-05 04:33:18,0.1,0.0,1.0
2017-03-05 04:33:18,0.1,-0.0,1.0
2017-03-05 04:33:18,0.1,-0.0,1.0
2017-03-05 04:33:18,0.1,-0.0,0.9
2017-03-05 04:33:18,0.1,0.0,0.9
2017-03-05 04:33:18,0.1,0.0,1.0
2017-03-05 04:33:18,0.1,0.0,1.0
2017-03-05 04:33:18,0.1,0.0,1.0
2017-03-05 04:33:19,0.1,0.0,1.0
2017-03-05 04:33:19,0.1,0.0,1.0
2017-03-05 04:33:19,0.1,0.0,1.0
2017-03-05 04:33:19,0.1,0.0,1.0
2017-03-05 04:33:19,0.1,0.0,1.0
2017-03-05 04:33:19,0.1,-0.0,1.0
2017-03-05 04:33:19,0.1,-0.0,1.0
2017-03-05 04:33:19,0.1,0.0,1.0
2017-03-05 04:33:19,0.1,0.1,1.0
2017-03-05 04:33:19,0.1,0.0,0.9
2017-03-05 04:33:19,0.1,0.0,1.0
2017-03-05 04:33:20,0.1,0.0,1.0
2017-03-05 04:33:20,0.1,0.0,1.0
2017-03-05 04:33:20,0.1,0.0,1.0
2017-03-05 04:33:20,0.1,0.1,1.0
2017-03-05 04:33:20,0.1,0.1,1.0
2017-03-05 04:33:20,0.2,0.1,1.0
2017-03-05 04:33:20,0.1,0.1,1.0
2017-03-05 04:33:20,0.1,0.1,1.0
2017-03-05 04:33:20,0.1,0.0,1.0
2017-03-05 04:33:20,0.2,0.0,1.0
2017-03-05 04:33:21,0.1,0.0,0.9
2017-03-05 04:33:21,0.1,0.0,0.9
2017-03-05 04:33:21,0.0,-0.0,0.9
2017-03-05 04:33:21,0.1,0.0,1.0
2017-03-05 04:33:21,0.1,0.0,1.0
2017-03-05 04:33:21,0.2,0.0,1.0
2017-03-05 04:33:21,0.1,-0.0,1.0
2017-03-05 04:33:21,0.1,-0.0,1.0
2017-03-05 04:33:21,0.1,-0.0,1.0
2017-03-05 04:33:21,0.1,-0.0,1.0
2017-03-05 04:33:22,0.1,0.0,1.0
2017-03-05 04:33:22,0.1,0.0,1.0
2017-03-05 04:33:22,0.1,0.0,1.0
2017-03-05 04:33:22,0.1,-0.0,1.0
2017-03-05 04:33:22,0.1,-0.0,1.0
2017-03-05 04:33:22,0.1,-0.0,0.9
2017-03-05 04:33:22,0.1,-0.0,0.9
2017-03-05 04:33:22,0.1,-0.0,1.0
2017-03-05 04:33:22,0.1,-0.0,1.0
2017-03-05 04:33:23,0.1,-0.0,1.0
2017-03-05 04:33:23,0.1,0.0,1.0
2017-03-05 04:33:23,0.1,-0.0,1.0
2017-03-05 04:33:23,0.2,0.0,1.0
2017-03-05 04:33:23,0.1,0.0,1.0
2017-03-05 04:33:23,0.2,0.1,1.0
2017-03-05 04:33:23,0.1,0.0,1.0
2017-03-05 04:33:23,0.1,0.0,1.0
2017-03-05 04:33:23,0.1,-0.0,1.0
2017-03-05 04:33:23,0.1,0.0,1.0
2017-03-05 04:33:23,0.1,-0.0,1.0
2017-03-05 04:33:24,0.1,0.0,1.0
2017-03-05 04:33:24,0.1,0.0,1.0
2017-03-05 04:33:24,0.1,0.0,1.0
2017-03-05 04:33:24,0.1,0.0,1.0
2017-03-05 04:33:24,0.1,0.0,1.0
2017-03-05 04:33:24,0.1,-0.0,1.0
2017-03-05 04:33:24,0.1,-0.0,1.0
2017-03-05 04:33:24,0.1,-0.0,1.0
2017-03-05 04:33:24,0.1,-0.0,1.0
2017-03-05 04:33:24,0.1,-0.0,1.0
2017-03-05 04:33:25,0.2,-0.0,1.0
2017-03-05 04:33:25,0.2,0.0,1.0
2017-03-05 04:33:25,0.2,0.0,1.0
2017-03-05 04:33:25,0.1,0.0,1.0
2017-03-05 04:33:25,0.1,0.0,1.0
2017-03-05 04:33:25,0.1,-0.0,1.0
2017-03-05 04:33:25,0.1,0.0,0.9
2017-03-05 04:33:25,0.1,0.0,1.0
2017-03-05 04:33:25,0.2,0.0,1.0
2017-03-05 04:33:25,0.2,0.0,1.0
2017-03-05 04:33:26,0.2,-0.0,1.0
2017-03-05 04:33:26,0.1,-0.0,1.0
2017-03-05 04:33:26,0.1,0.0,1.0
2017-03-05 04:33:26,0.1,0.0,1.0
2017-03-05 04:33:26,0.1,0.0,1.0
2017-03-05 04:33:26,0.1,0.0,1.0
2017-03-05 04:33:26,0.1,0.0,1.0
2017-03-05 04:33:26,0.1,0.0,1.0
2017-03-05 04:33:26,0.1,0.0,1.0
2017-03-05 04:33:27,0.1,0.0,1.0
2017-03-05 04:33:27,0.1,0.0,1.0
2017-03-05 04:33:27,0.1,0.0,1.0
2017-03-05 04:33:27,0.1,0.0,1.0
2017-03-05 04:50:38,0.1,0.0,1.0
2017-03-05 04:50:38,0.1,-0.0,0.9
2017-03-05 04:50:39,0.1,-0.0,0.9
2017-03-05 04:50:39,0.1,0.0,0.9
2017-03-05 04:50:39,0.1,0.0,1.0
2017-03-05 04:50:39,0.1,0.0,0.9
2017-03-05 04:50:39,0.1,0.0,1.0
2017-03-05 04:50:39,0.1,0.0,1.0
2017-03-05 04:50:39,0.1,0.0,1.0
2017-03-05 04:50:39,0.1,0.0,1.0
2017-03-05 04:50:39,0.1,0.0,0.9
2017-03-05 04:50:39,0.1,-0.0,1.0
2017-03-05 04:50:39,0.2,-0.0,1.0
2017-03-05 04:50:40,0.2,-0.0,1.0
2017-03-05 04:50:40,0.1,0.0,1.0
2017-03-05 04:50:40,0.1,0.0,1.0
2017-03-05 04:50:40,0.1,0.0,1.0
2017-03-05 04:50:40,0.1,0.0,1.0
2017-03-05 04:50:40,0.1,0.0,0.9
2017-03-05 04:50:40,0.1,-0.0,0.9
2017-03-05 04:50:40,0.1,0.0,0.9
2017-03-05 04:50:40,0.1,-0.0,1.0
2017-03-05 04:50:40,0.1,-0.0,1.0
2017-03-05 04:50:41,0.1,0.0,1.0
2017-03-05 04:50:41,0.1,0.0,1.0
2017-03-05 04:50:41,0.1,0.0,1.0
2017-03-05 04:50:41,0.1,0.0,1.0
2017-03-05 04:50:41,0.1,0.0,1.0
2017-03-05 04:50:41,0.1,0.0,1.0
2017-03-05 04:50:41,0.1,0.0,1.0
2017-03-05 04:50:41,0.1,0.0,0.9
2017-03-05 04:50:41,0.1,0.0,1.0
2017-03-05 04:50:41,0.2,0.1,1.0
2017-03-05 04:50:42,0.2,0.1,1.0
2017-03-05 04:50:42,0.2,0.0,0.9
2017-03-05 04:50:42,0.2,0.0,1.0
2017-03-05 04:50:42,0.1,0.0,1.0
2017-03-05 04:50:42,0.2,0.0,1.0
2017-03-05 04:50:42,0.1,-0.0,0.9
2017-03-05 04:50:42,0.2,0.0,0.9
2017-03-05 04:50:42,0.2,0.0,0.9
2017-03-05 04:50:42,0.2,0.0,0.9
2017-03-05 04:50:42,0.1,0.0,1.0
2017-03-05 04:50:43,0.1,0.0,1.0
2017-03-05 04:50:43,0.1,0.0,1.0
2017-03-05 04:50:43,0.1,0.0,0.9
2017-03-05 04:50:43,0.2,0.0,1.0
2017-03-05 04:50:43,0.1,0.0,1.0
2017-03-05 04:50:43,0.1,0.0,1.0
2017-03-05 04:50:43,0.1,0.0,1.0
2017-03-05 04:50:43,0.1,0.0,1.0
2017-03-05 04:50:43,0.2,0.0,1.0
2017-03-05 04:50:43,0.1,-0.0,1.0
2017-03-05 04:50:44,0.1,-0.0,1.0
2017-03-05 04:50:44,0.1,0.0,1.0
2017-03-05 04:50:44,0.2,0.0,1.0
2017-03-05 04:50:44,0.2,0.0,0.9
2017-03-05 04:50:44,0.1,0.0,1.0
2017-03-05 04:50:44,0.1,0.0,1.0
2017-03-05 04:50:44,0.1,0.0,1.0
2017-03-05 04:50:44,0.2,0.0,0.9
2017-03-05 04:50:44,0.2,0.0,1.0
2017-03-05 04:50:44,0.1,0.0,1.0
2017-03-05 04:50:45,0.1,0.0,1.0
2017-03-05 04:50:45,0.1,0.0,1.0
2017-03-05 04:50:45,0.1,0.0,1.0
2017-03-05 04:50:45,0.2,0.0,0.9
2017-03-05 04:50:45,0.1,0.0,0.9
2017-03-05 04:50:45,0.1,0.1,0.9
2017-03-05 04:50:45,0.1,0.0,1.0
2017-03-05 04:50:45,0.1,0.0,1.0
2017-03-05 04:50:45,0.1,0.0,1.0
2017-03-05 04:50:45,0.1,0.0,0.9
2017-03-05 04:50:46,0.1,0.0,0.9
2017-03-05 04:50:46,0.1,0.0,0.9
2017-03-05 04:50:46,0.2,0.0,1.0
2017-03-05 04:50:46,0.1,0.0,1.0
2017-03-05 04:50:46,0.1,0.1,0.9
2017-03-05 04:50:46,0.1,0.0,0.9
2017-03-05 04:50:46,0.1,0.0,0.9
2017-03-05 04:50:46,0.1,-0.0,1.0
2017-03-05 04:50:46,0.1,-0.0,1.0
2017-03-05 04:50:46,0.1,-0.0,1.0
2017-03-05 04:50:47,0.1,0.0,0.9
2017-03-05 04:50:47,0.2,0.0,0.9
2017-03-05 04:50:47,0.2,0.1,0.8
2017-03-05 04:50:47,0.2,-0.0,0.8
2017-03-05 04:50:47,0.1,-0.0,0.9
2017-03-05 04:50:47,0.1,-0.0,0.9
2017-03-05 04:50:47,0.1,-0.0,0.9
2017-03-05 04:50:47,0.1,-0.0,1.0
2017-03-05 04:50:47,0.1,0.0,1.0
2017-03-05 04:50:47,0.1,0.0,1.0
2017-03-05 04:50:48,0.1,0.0,1.0
2017-03-05 04:50:48,0.1,0.0,1.0
2017-03-05 04:50:48,0.1,0.0,1.0
2017-03-05 04:50:48,0.1,0.0,1.0
2017-03-05 04:50:48,0.1,-0.0,0.9
2017-03-05 04:50:48,0.1,-0.0,1.0
2017-03-05 04:50:48,0.1,-0.0,1.0
2017-03-05 05:47:35,0.1,-0.0,1.0
2017-03-05 05:47:35,0.1,0.0,1.0
2017-03-05 05:47:35,0.1,0.0,1.0
2017-03-05 05:47:36,0.1,0.0,1.0
2017-03-05 05:47:36,0.2,0.0,1.0
2017-03-05 05:47:36,0.2,0.0,1.0
2017-03-05 05:47:36,0.2,0.0,1.0
2017-03-05 05:47:36,0.2,0.0,1.0
2017-03-05 05:47:36,0.2,0.0,1.0
2017-03-05 05:47:36,0.1,0.0,1.0
2017-03-05 05:47:36,0.1,0.0,1.0
2017-03-05 05:47:36,0.1,0.0,1.0
2017-03-05 05:47:36,0.1,0.0,1.0
2017-03-05 05:47:37,0.1,0.0,1.0
2017-03-05 05:47:37,0.1,0.0,1.0
2017-03-05 05:47:37,0.1,0.0,1.0
2017-03-05 05:47:37,0.1,0.0,1.0
2017-03-05 05:47:37,0.1,0.0,1.0
2017-03-05 05:47:37,0.1,0.0,1.0
2017-03-05 05:47:37,0.1,0.0,1.0
2017-03-05 05:47:37,0.1,0.0,1.0
2017-03-05 05:47:38,0.1,0.0,1.0
2017-03-05 05:47:38,0.1,0.0,1.0
2017-03-05 05:47:38,0.1,0.0,1.0
2017-03-05 05:47:38,0.1,0.0,1.0
2017-03-05 05:47:38,0.1,0.0,1.0
2017-03-05 05:47:38,0.1,0.0,1.0
2017-03-05 05:47:38,0.1,0.0,1.0
2017-03-05 05:47:38,0.1,0.0,1.0
2017-03-05 05:47:38,0.1,0.0,1.0
2017-03-05 05:47:38,0.1,0.0,1.0
2017-03-05 05:47:38,0.1,0.0,1.0
2017-03-05 05:47:38,0.1,0.0,1.0
2017-03-05 05:47:39,0.1,0.0,1.0
2017-03-05 05:47:39,0.2,0.0,1.0
2017-03-05 05:47:39,0.2,0.0,1.0
2017-03-05 05:47:39,0.2,0.0,1.0
2017-03-05 05:47:39,0.1,0.0,1.0
2017-03-05 05:47:39,0.1,0.0,1.0
2017-03-05 05:47:39,0.1,0.0,1.0
2017-03-05 05:47:39,0.2,0.0,1.0
2017-03-05 05:47:39,0.1,0.0,1.0
2017-03-05 05:47:39,0.1,0.0,1.0
2017-03-05 05:47:40,0.1,0.0,1.0
2017-03-05 05:47:40,0.1,0.0,1.0
2017-03-05 05:47:40,0.1,0.0,1.0
2017-03-05 05:47:40,0.1,0.0,1.0
2017-03-05 05:47:40,0.1,0.0,1.0
2017-03-05 05:47:40,0.1,0.0,1.0
2017-03-05 05:47:40,0.1,0.0,1.0
2017-03-05 05:47:40,0.1,0.0,1.0
2017-03-05 05:47:40,0.1,0.0,1.0
2017-03-05 05:47:40,0.1,0.0,1.0
2017-03-05 05:47:41,0.1,0.0,1.0
2017-03-05 05:47:41,0.1,0.0,1.0
2017-03-05 05:47:41,0.1,0.0,1.0
2017-03-05 05:47:41,0.1,0.0,1.0
2017-03-05 05:47:41,0.1,0.0,1.0
2017-03-05 05:47:41,0.1,0.0,1.0
2017-03-05 05:47:41,0.1,0.0,1.0
2017-03-05 05:47:41,0.1,0.0,1.0
2017-03-05 05:47:41,0.1,0.0,1.0
2017-03-05 05:47:42,0.1,0.0,1.0
2017-03-05 05:47:42,0.1,0.0,1.0
2017-03-05 05:47:42,0.1,0.1,1.0
2017-03-05 05:47:42,0.1,0.0,1.0
2017-03-05 05:47:42,0.1,0.0,1.0
2017-03-05 05:47:42,0.1,0.0,1.0
2017-03-05 05:47:42,0.1,0.0,1.0
2017-03-05 05:47:42,0.2,0.1,1.0
2017-03-05 05:47:42,0.1,0.1,1.0
2017-03-05 05:47:42,0.1,0.0,1.0
2017-03-05 05:47:42,0.1,0.0,1.0
2017-03-05 05:47:43,0.1,0.0,1.0
2017-03-05 05:47:43,0.1,0.0,1.0
2017-03-05 05:47:43,0.1,0.0,1.0
2017-03-05 05:47:43,0.1,0.0,1.0
2017-03-05 05:47:43,0.1,0.1,0.9
2017-03-05 05:47:43,0.2,0.0,1.0
2017-03-05 05:47:43,0.2,0.0,1.0
2017-03-05 05:47:43,0.2,0.0,1.0
2017-03-05 05:47:43,0.1,0.0,1.0
2017-03-05 05:47:44,0.1,0.0,1.0
2017-03-05 05:47:44,0.1,0.0,1.0
2017-03-05 05:47:44,0.1,0.0,1.0
2017-03-05 05:47:44,0.1,0.0,1.0
2017-03-05 05:47:44,0.1,0.0,1.0
2017-03-05 05:47:44,0.1,0.0,1.0
2017-03-05 05:47:44,0.1,-0.0,1.0
2017-03-05 05:47:44,0.1,0.0,1.0
2017-03-05 05:47:44,0.1,0.0,1.0
2017-03-05 05:47:44,0.2,0.0,1.0
2017-03-05 05:47:44,0.1,0.0,1.0
2017-03-05 05:47:45,0.1,0.1,1.0
2017-03-05 05:47:45,0.1,0.1,1.0
2017-03-05 05:47:45,0.1,0.0,1.0
2017-03-05 05:47:45,0.1,0.0,1.0
2017-03-05 05:47:45,0.1,0.0,1.0
2017-03-05 05:47:45,0.1,0.0,1.0
2017-03-05 05:47:45,0.1,0.0,1.0
2017-03-05 06:14:51,0.2,-0.0,1.0
2017-03-05 06:14:51,0.2,-0.0,1.0
2017-03-05 06:14:51,0.2,0.0,0.9
2017-03-05 06:14:51,0.1,0.0,1.0
2017-03-05 06:14:51,0.1,0.1,1.0
2017-03-05 06:14:51,0.1,0.1,1.0
2017-03-05 06:14:51,0.1,0.1,1.0
2017-03-05 06:14:51,0.2,0.1,1.0
2017-03-05 06:14:52,0.2,0.1,1.0
2017-03-05 06:14:52,0.1,0.0,1.0
2017-03-05 06:14:52,0.1,-0.0,1.0
2017-03-05 06:14:52,0.1,0.0,1.0
2017-03-05 06:14:52,0.1,0.0,1.0
2017-03-05 06:14:52,0.1,0.0,1.0
2017-03-05 06:14:52,0.1,0.0,1.0
2017-03-05 06:14:52,0.1,0.1,1.0
2017-03-05 06:14:52,0.2,0.1,1.0
2017-03-05 06:14:52,0.2,0.0,1.0
2017-03-05 06:14:53,0.1,0.0,1.0
2017-03-05 06:14:53,0.1,0.0,1.0
2017-03-05 06:14:53,0.1,0.0,1.0
2017-03-05 06:14:53,0.1,0.1,1.0
2017-03-05 06:14:53,0.1,0.0,1.0
2017-03-05 06:14:53,0.1,0.0,1.0
2017-03-05 06:14:53,0.1,0.0,1.0
2017-03-05 06:14:53,0.1,0.0,1.0
2017-03-05 06:14:53,0.1,0.0,1.0
2017-03-05 06:14:53,0.1,0.0,1.0
2017-03-05 06:14:54,0.1,0.0,1.0
2017-03-05 06:14:54,0.1,0.0,1.0
2017-03-05 06:14:54,0.1,0.1,1.0
2017-03-05 06:14:54,0.1,0.0,1.0
2017-03-05 06:14:54,0.2,0.0,1.0
2017-03-05 06:14:54,0.2,0.0,1.0
2017-03-05 06:14:54,0.1,0.0,1.0
2017-03-05 06:14:54,0.1,-0.0,1.0
2017-03-05 06:14:54,0.1,0.0,1.0
2017-03-05 06:14:54,0.1,0.0,1.0
2017-03-05 06:14:55,0.1,0.0,1.0
2017-03-05 06:14:55,0.1,0.0,1.0
2017-03-05 06:14:55,0.2,0.0,1.0
2017-03-05 06:14:55,0.1,0.0,1.0
2017-03-05 06:14:55,0.1,0.0,1.0
2017-03-05 06:14:55,0.1,0.0,1.0
2017-03-05 06:14:55,0.1,0.0,1.0
2017-03-05 06:14:55,0.1,0.0,1.0
2017-03-05 06:14:55,0.1,0.0,1.0
2017-03-05 06:14:55,0.1,0.0,1.0
2017-03-05 06:14:56,0.1,0.0,1.0
2017-03-05 06:14:56,0.1,0.0,1.0
2017-03-05 06:14:56,0.1,0.0,1.0
2017-03-05 06:14:56,0.1,0.0,1.0
2017-03-05 06:14:56,0.1,0.0,1.0
2017-03-05 06:14:56,0.1,0.0,1.0
2017-03-05 06:14:56,0.1,0.0,1.0
2017-03-05 06:14:56,0.1,0.0,1.0
2017-03-05 06:14:56,0.1,-0.0,1.0
2017-03-05 06:14:56,0.1,0.0,1.0
2017-03-05 06:14:57,0.1,0.0,1.0
2017-03-05 06:14:57,0.1,0.0,1.0
2017-03-05 06:14:57,0.2,0.0,1.0
2017-03-05 06:14:57,0.2,0.0,1.0
2017-03-05 06:14:57,0.2,0.0,1.0
2017-03-05 06:14:57,0.1,0.0,1.0
2017-03-05 06:14:57,0.1,0.0,1.0
2017-03-05 06:14:57,0.1,0.0,0.9
2017-03-05 06:14:57,0.1,0.0,0.9
2017-03-05 06:14:57,0.1,0.0,1.0
2017-03-05 06:14:58,0.1,0.0,1.0
2017-03-05 06:14:58,0.1,0.0,1.0
2017-03-05 06:14:58,0.1,0.0,1.0
2017-03-05 06:14:58,0.1,0.0,1.0
2017-03-05 06:14:58,0.1,0.0,1.0
2017-03-05 06:14:58,0.1,0.0,1.0
2017-03-05 06:14:58,0.1,0.0,1.0
2017-03-05 06:14:58,0.1,0.0,1.0
2017-03-05 06:14:58,0.1,0.0,1.0
2017-03-05 06:14:58,0.1,0.0,1.0
2017-03-05 06:14:59,0.1,0.0,1.0
2017-03-05 06:14:59,0.1,0.0,1.0
2017-03-05 06:14:59,0.1,0.0,1.0
2017-03-05 06:14:59,0.1,0.0,1.0
2017-03-05 06:14:59,0.1,0.0,1.0
2017-03-05 06:14:59,0.1,0.0,1.0
2017-03-05 06:14:59,0.1,0.0,1.0
2017-03-05 06:14:59,0.1,0.0,1.0
2017-03-05 06:14:59,0.1,0.0,1.0
2017-03-05 06:14:59,0.1,0.0,1.0
2017-03-05 06:15:00,0.1,0.0,1.0
2017-03-05 06:15:00,0.1,0.0,1.0
2017-03-05 06:15:00,0.1,0.0,1.0
2017-03-05 06:15:00,0.1,0.0,1.0
2017-03-05 06:15:00,0.2,0.0,1.0
2017-03-05 06:15:00,0.1,-0.0,1.0
2017-03-05 06:15:00,0.1,0.0,1.0
2017-03-05 06:15:00,0.1,0.0,1.0
2017-03-05 06:15:00,0.1,0.0,1.0
2017-03-05 06:15:00,0.2,0.0,1.0
2017-03-05 06:15:01,0.2,0.1,1.0
2017-03-05 06:15:01,0.1,0.0,1.0
2017-03-05 06:36:21,0.1,0.0,1.0
2017-03-05 06:36:21,0.1,0.1,1.0
2017-03-05 06:36:21,0.1,0.0,1.0
2017-03-05 06:36:21,0.2,0.0,1.0
2017-03-05 06:36:21,0.2,0.0,1.0
2017-03-05 06:36:21,0.2,0.0,1.0
2017-03-05 06:36:21,0.2,0.0,1.0
2017-03-05 06:36:21,0.2,0.0,1.0
2017-03-05 06:36:21,0.1,0.0,1.0
2017-03-05 06:36:22,0.2,-0.0,1.0
2017-03-05 06:36:22,0.2,0.0,1.0
2017-03-05 06:36:22,0.2,0.0,0.9
2017-03-05 06:36:22,0.1,0.0,0.9
2017-03-05 06:36:22,0.1,0.0,1.0
2017-03-05 06:36:22,0.1,0.0,1.0
2017-03-05 06:36:22,0.1,-0.0,1.0
2017-03-05 06:36:22,0.1,0.0,1.0
2017-03-05 06:36:22,0.1,0.0,1.0
2017-03-05 06:36:22,0.1,0.0,1.0
2017-03-05 06:36:23,0.1,0.0,1.0
2017-03-05 06:36:23,0.1,0.0,1.0
2017-03-05 06:36:23,0.1,0.0,1.0
2017-03-05 06:36:23,0.1,0.0,1.0
2017-03-05 06:36:23,0.1,0.0,1.0
2017-03-05 06:36:23,0.1,0.0,1.0
2017-03-05 06:36:23,0.1,0.0,1.0
2017-03-05 06:36:23,0.1,-0.0,1.0
2017-03-05 06:36:23,0.2,-0.0,1.0
2017-03-05 06:36:23,0.2,0.0,1.0
2017-03-05 06:36:24,0.2,0.0,1.0
2017-03-05 06:36:24,0.1,0.0,1.0
2017-03-05 06:36:24,0.1,0.0,1.0
2017-03-05 06:36:24,0.1,0.0,1.0
2017-03-05 06:36:24,0.1,0.0,1.0
2017-03-05 06:36:24,0.2,0.0,1.0
2017-03-05 06:36:24,0.2,0.0,1.0
2017-03-05 06:36:24,0.2,0.0,1.0
2017-03-05 06:36:24,0.1,0.0,1.0
2017-03-05 06:36:24,0.1,-0.0,1.0
2017-03-05 06:36:25,0.1,-0.0,0.9
2017-03-05 06:36:25,0.2,-0.0,0.9
2017-03-05 06:36:25,0.2,0.0,0.9
2017-03-05 06:36:25,0.1,-0.0,0.9
2017-03-05 06:36:25,0.1,0.0,0.9
2017-03-05 06:36:25,0.2,0.0,0.9
2017-03-05 06:36:25,0.2,0.0,1.0
2017-03-05 06:36:25,0.1,0.0,1.0
2017-03-05 06:36:25,0.1,0.0,1.0
2017-03-05 06:36:25,0.1,0.1,1.0
2017-03-05 06:36:25,0.1,0.0,1.0
2017-03-05 06:36:26,0.2,0.0,1.0
2017-03-05 06:36:26,0.2,0.0,1.0
2017-03-05 06:36:26,0.2,0.0,1.0
2017-03-05 06:36:26,0.2,0.0,1.0
2017-03-05 06:36:26,0.2,0.0,1.0
2017-03-05 06:36:26,0.2,0.0,1.0
2017-03-05 06:36:26,0.1,0.0,1.0
2017-03-05 06:36:26,0.1,0.0,1.0
2017-03-05 06:36:26,0.1,0.0,1.0
2017-03-05 06:36:27,0.1,0.0,1.0
2017-03-05 06:36:27,0.1,0.0,1.0
2017-03-05 06:36:27,0.1,0.0,1.0
2017-03-05 06:36:27,0.2,0.0,1.0
2017-03-05 06:36:27,0.2,0.0,1.0
2017-03-05 06:36:27,0.1,0.0,1.0
2017-03-05 06:36:27,0.1,0.0,1.0
2017-03-05 06:36:27,0.2,0.0,1.0
2017-03-05 06:36:27,0.1,0.0,1.0
2017-03-05 06:36:27,0.2,0.0,1.0
2017-03-05 06:36:28,0.2,0.1,1.0
2017-03-05 06:36:28,0.2,0.1,1.0
2017-03-05 06:36:28,0.2,0.1,1.0
2017-03-05 06:36:28,0.1,0.0,1.0
2017-03-05 06:36:28,0.1,0.0,1.0
2017-03-05 06:36:28,0.2,0.0,1.0
2017-03-05 06:36:28,0.2,0.1,1.0
2017-03-05 06:36:28,0.2,0.1,1.0
2017-03-05 06:36:28,0.2,0.0,1.0
2017-03-05 06:36:28,0.2,0.0,1.0
2017-03-05 06:36:28,0.1,0.0,1.0
2017-03-05 06:36:29,0.1,0.0,1.0
2017-03-05 06:36:29,0.2,0.0,1.0
2017-03-05 06:36:29,0.2,0.0,1.0
2017-03-05 06:36:29,0.2,-0.0,1.0
2017-03-05 06:36:29,0.2,0.0,1.0
2017-03-05 06:36:29,0.2,0.0,1.0
2017-03-05 06:36:29,0.2,0.0,1.0
2017-03-05 06:36:29,0.2,0.0,1.0
2017-03-05 06:36:29,0.2,0.0,1.0
2017-03-05 06:36:30,0.2,0.1,1.0
2017-03-05 06:36:30,0.2,0.0,1.0
2017-03-05 06:36:30,0.1,0.0,1.0
2017-03-05 06:36:30,0.1,0.0,1.0
2017-03-05 06:36:30,0.1,0.0,1.0
2017-03-05 06:36:30,0.1,0.0,1.0
2017-03-05 06:36:30,0.2,0.0,1.0
2017-03-05 06:36:30,0.2,0.0,1.0
2017-03-05 06:36:30,0.2,0.0,1.0
2017-03-05 06:36:30,0.1,0.0,1.0
2017-03-05 06:36:31,0.1,0.0,1.0
2017-03-05 07:50:45,0.1,0.0,1.0
2017-03-05 07:50:45,0.1,0.0,1.0
2017-03-05 07:50:45,0.1,0.0,1.0
2017-03-05 07:50:46,0.1,0.0,1.0
2017-03-05 07:50:46,0.1,0.0,1.0
2017-03-05 07:50:46,0.1,0.0,1.0
2017-03-05 07:50:46,0.1,0.0,1.0
2017-03-05 07:50:46,0.1,0.0,1.0
2017-03-05 07:50:46,0.1,0.0,1.0
2017-03-05 07:50:46,0.1,0.0,1.0
2017-03-05 07:50:46,0.1,0.0,1.0
2017-03-05 07:50:46,0.1,0.0,1.0
2017-03-05 07:50:46,0.1,0.0,1.0
2017-03-05 07:50:47,0.1,-0.0,1.0
2017-03-05 07:50:47,0.1,-0.0,1.0
2017-03-05 07:50:47,0.1,-0.0,1.0
2017-03-05 07:50:47,0.1,0.0,1.0
2017-03-05 07:50:47,0.1,0.0,1.0
2017-03-05 07:50:47,0.2,0.1,1.0
2017-03-05 07:50:47,0.1,0.0,1.0
2017-03-05 07:50:47,0.1,0.0,1.0
2017-03-05 07:50:47,0.1,-0.0,1.0
2017-03-05 07:50:47,0.1,0.0,1.0
2017-03-05 07:50:48,0.1,0.0,1.0
2017-03-05 07:50:48,0.1,0.0,1.0
2017-03-05 07:50:48,0.1,0.0,1.0
2017-03-05 07:50:48,0.1,-0.0,1.0
2017-03-05 07:50:48,0.1,0.0,1.0
2017-03-05 07:50:48,0.1,0.0,1.0
2017-03-05 07:50:48,0.1,0.0,1.0
2017-03-05 07:50:48,0.1,0.0,1.0
2017-03-05 07:50:48,0.1,0.0,1.0
2017-03-05 07:50:49,0.1,0.0,1.0
2017-03-05 07:50:49,0.1,0.0,1.0
2017-03-05 07:50:49,0.1,0.0,1.0
2017-03-05 07:50:49,0.1,0.0,1.0
2017-03-05 07:50:49,0.1,-0.0,1.0
2017-03-05 07:50:49,0.1,-0.0,1.0
2017-03-05 07:50:49,0.1,-0.0,1.0
2017-03-05 07:50:49,0.1,0.0,1.0
2017-03-05 07:50:49,0.1,0.0,0.9
2017-03-05 07:50:49,0.1,0.0,1.0
2017-03-05 07:50:49,0.1,0.0,1.0
2017-03-05 07:50:50,0.1,0.0,1.0
2017-03-05 07:50:50,0.1,0.0,1.0
2017-03-05 07:50:50,0.1,0.0,1.0
2017-03-05 07:50:50,0.1,0.0,1.0
2017-03-05 07:50:50,0.2,0.0,1.0
2017-03-05 07:50:50,0.1,0.0,1.0
2017-03-05 07:50:50,0.1,0.0,1.0
2017-03-05 07:50:50,0.1,0.0,1.0
2017-03-05 07:50:50,0.1,0.0,1.0
2017-03-05 07:50:51,0.1,-0.0,1.0
2017-03-05 07:50:51,0.1,-0.0,1.0
2017-03-05 07:50:51,0.1,-0.0,1.0
2017-03-05 07:50:51,0.1,0.0,1.0
2017-03-05 07:50:51,0.1,0.0,1.0
2017-03-05 07:50:51,0.1,0.0,1.0
2017-03-05 07:50:51,0.1,0.0,1.0
2017-03-05 07:50:51,0.1,0.0,1.0
2017-03-05 07:50:51,0.1,0.0,1.0
2017-03-05 07:50:51,0.2,0.0,1.0
2017-03-05 07:50:51,0.2,0.0,1.0
2017-03-05 07:50:52,0.2,0.0,1.0
2017-03-05 07:50:52,0.1,0.0,1.0
2017-03-05 07:50:52,0.1,0.0,1.0
2017-03-05 07:50:52,0.1,0.0,1.0
2017-03-05 07:50:52,0.2,0.0,1.0
2017-03-05 07:50:52,0.2,0.0,1.0
2017-03-05 07:50:52,0.1,0.0,1.0
2017-03-05 07:50:52,0.1,0.0,1.0
2017-03-05 07:50:52,0.1,0.0,1.0
2017-03-05 07:50:52,0.1,0.0,1.0
2017-03-05 07:50:53,0.1,0.0,1.0
2017-03-05 07:50:53,0.1,0.0,1.0
2017-03-05 07:50:53,0.1,0.0,1.0
2017-03-05 07:50:53,0.1,0.0,1.0
2017-03-05 07:50:53,0.1,0.0,1.0
2017-03-05 07:50:53,0.1,0.0,1.0
2017-03-05 07:50:53,0.1,0.0,1.0
2017-03-05 07:50:53,0.1,0.0,1.0
2017-03-05 07:50:53,0.1,0.0,1.0
2017-03-05 07:50:54,0.1,0.0,1.0
2017-03-05 07:50:54,0.1,-0.0,1.0
2017-03-05 07:50:54,0.1,-0.0,1.0
2017-03-05 07:50:54,0.1,0.0,1.0
2017-03-05 07:50:54,0.1,0.0,1.0
2017-03-05 07:50:54,0.1,0.0,1.0
2017-03-05 07:50:54,0.1,0.0,1.0
2017-03-05 07:50:54,0.1,0.0,1.0
2017-03-05 07:50:54,0.1,0.0,0.9
2017-03-05 07:50:54,0.1,0.0,1.0
2017-03-05 07:50:54,0.2,0.0,1.0
2017-03-05 07:50:55,0.1,-0.0,1.0
2017-03-05 07:50:55,0.1,-0.0,1.0
2017-03-05 07:50:55,0.1,-0.0,1.0
2017-03-05 07:50:55,0.2,-0.0,1.0
2017-03-05 07:50:55,0.2,0.0,1.0
2017-03-05 07:50:55,0.1,0.0,1.0
2017-03-05 07:50:55,0.1,0.0,1.0
2017-03-05 07:57:30,0.1,0.0,1.0
2017-03-05 07:57:31,0.1,0.0,1.0
2017-03-05 07:57:31,0.2,-0.0,1.0
2017-03-05 07:57:31,0.2,0.0,1.0
2017-03-05 07:57:31,0.2,0.0,1.0
2017-03-05 07:57:31,0.1,0.0,1.0
2017-03-05 07:57:31,0.1,0.0,1.0
2017-03-05 07:57:31,0.1,0.0,1.0
2017-03-05 07:57:31,0.1,0.0,1.0
2017-03-05 07:57:31,0.1,0.0,1.0
2017-03-05 07:57:31,0.1,0.0,1.0
2017-03-05 07:57:32,0.1,0.0,1.0
2017-03-05 07:57:32,0.1,0.0,1.0
2017-03-05 07:57:32,0.1,0.0,1.0
2017-03-05 07:57:32,0.1,0.0,1.0
2017-03-05 07:57:32,0.1,0.0,1.0
2017-03-05 07:57:32,0.1,0.0,1.0
2017-03-05 07:57:32,0.1,0.0,1.0
2017-03-05 07:57:32,0.1,0.0,1.0
2017-03-05 07:57:32,0.1,0.0,1.0
2017-03-05 07:57:32,0.1,0.0,1.0
2017-03-05 07:57:33,0.2,0.0,1.0
2017-03-05 07:57:33,0.1,0.0,1.0
2017-03-05 07:57:33,0.1,0.0,0.9
2017-03-05 07:57:33,0.2,0.0,1.0
2017-03-05 07:57:33,0.2,0.0,1.0
2017-03-05 07:57:33,0.1,0.0,1.0
2017-03-05 07:57:33,0.1,0.0,1.0
2017-03-05 07:57:33,0.1,0.0,1.0
2017-03-05 07:57:33,0.1,0.0,1.0
2017-03-05 07:57:33,0.2,0.0,1.0
2017-03-05 07:57:34,0.1,0.0,1.0
2017-03-05 07:57:34,0.1,0.0,1.0
2017-03-05 07:57:34,0.1,0.0,1.0
2017-03-05 07:57:34,0.1,0.0,1.0
2017-03-05 07:57:34,0.2,0.0,1.0
2017-03-05 07:57:34,0.1,0.0,1.0
2017-03-05 07:57:34,0.1,0.0,1.0
2017-03-05 07:57:34,0.1,0.0,1.0
2017-03-05 07:57:34,0.1,0.0,1.0
2017-03-05 07:57:34,0.1,0.0,1.0
2017-03-05 07:57:35,0.1,0.0,1.0
2017-03-05 07:57:35,0.1,0.0,0.9
2017-03-05 07:57:35,0.1,0.0,0.9
2017-03-05 07:57:35,0.1,0.0,0.9
2017-03-05 07:57:35,0.1,0.0,1.0
2017-03-05 07:57:35,0.2,0.0,1.0
2017-03-05 07:57:35,0.1,0.0,1.0
2017-03-05 07:57:35,0.1,0.0,1.0
2017-03-05 07:57:35,0.1,0.0,1.0
2017-03-05 07:57:36,0.1,0.0,1.0
2017-03-05 07:57:36,0.1,0.0,1.0
2017-03-05 07:57:36,0.1,0.0,1.0
2017-03-05 07:57:36,0.1,0.0,1.0
2017-03-05 07:57:36,0.1,0.0,1.0
2017-03-05 07:57:36,0.1,0.0,1.0
2017-03-05 07:57:36,0.1,0.0,1.0
2017-03-05 07:57:36,0.1,0.0,1.0
2017-03-05 07:57:36,0.1,0.0,1.0
2017-03-05 07:57:36,0.1,0.0,1.0
2017-03-05 07:57:36,0.1,0.0,1.0
2017-03-05 07:57:37,0.1,0.0,1.0
2017-03-05 07:57:37,0.1,0.0,1.0
2017-03-05 07:57:37,0.1,0.0,1.0
2017-03-05 07:57:37,0.1,0.0,1.0
2017-03-05 07:57:37,0.1,0.0,1.0
2017-03-05 07:57:37,0.1,0.0,1.0
2017-03-05 07:57:37,0.1,0.0,1.0
2017-03-05 07:57:37,0.1,0.0,1.0
2017-03-05 07:57:37,0.1,0.0,1.0
2017-03-05 07:57:37,0.1,0.0,1.0
2017-03-05 07:57:38,0.1,0.0,1.0
2017-03-05 07:57:38,0.1,0.0,1.0
2017-03-05 07:57:38,0.1,0.0,1.0
2017-03-05 07:57:38,0.1,0.0,1.0
2017-03-05 07:57:38,0.1,0.0,1.0
2017-03-05 07:57:38,0.1,0.0,1.0
2017-03-05 07:57:38,0.1,0.0,1.0
2017-03-05 07:57:38,0.1,0.0,1.0
2017-03-05 07:57:38,0.1,0.0,1.0
2017-03-05 07:57:38,0.1,0.0,1.0
2017-03-05 07:57:39,0.1,0.0,1.0
2017-03-05 07:57:39,0.1,0.0,1.0
2017-03-05 07:57:39,0.2,0.0,1.0
2017-03-05 07:57:39,0.1,0.0,1.0
2017-03-05 07:57:39,0.1,0.0,1.0
2017-03-05 07:57:39,0.1,0.0,1.0
2017-03-05 07:57:39,0.1,0.0,1.0
2017-03-05 07:57:39,0.1,0.0,1.0
2017-03-05 07:57:39,0.1,0.0,1.0
2017-03-05 07:57:39,0.1,0.0,1.0
2017-03-05 07:57:40,0.1,0.0,1.0
2017-03-05 07:57:40,0.1,0.0,1.0
2017-03-05 07:57:40,0.1,0.0,1.0
2017-03-05 07:57:40,0.1,0.0,1.0
2017-03-05 07:57:40,0.1,0.0,1.0
2017-03-05 07:57:40,0.1,0.0,1.0
2017-03-05 07:57:40,0.1,0.0,1.0
2017-03-05 07:57:40,0.1,0.0,1.0
2017-03-05 07:57:40,0.1,0.0,1.0
